{"offline_id": "57484baa1f7141acaf47519a62037e1a", "project_name": "yolov5", "start_time": 1674116878703, "stop_time": 1674116883827, "tags": [], "workspace": null, "resume_strategy": "create", "customer_error_reported": true, "customer_error_message": "Unexpected error detected in the user script: Exception('\\x1b[34m\\x1b[1mtrain: \\x1b[0mError loading data from /mnt/c/Users/haddo/yolov5/datasets/halimeda/images/train: \\x1b[34m\\x1b[1mtrain: \\x1b[0mNo images found\\nSee https://github.com/ultralytics/yolov5/wiki/Train-Custom-Data')"}