{"offline_id": "81ee098683a944f3817ff79dee16ccbd", "project_name": "yolov5", "start_time": 1673344114291, "stop_time": 1673344123442, "tags": [], "workspace": null, "resume_strategy": "create", "customer_error_reported": true, "customer_error_message": "Unexpected error detected in the user script: AssertionError('\\x1b[34m\\x1b[1mtrain: \\x1b[0mNo labels found in /mnt/c/Users/haddo/yolov5/datasets/halimeda/labels/temp_train.cache, can not start training. See https://github.com/ultralytics/yolov5/wiki/Train-Custom-Data')"}