{"offline_id": "f912ca35541947a7a17f06f95fe320a1", "project_name": "yolov5", "start_time": 1673343967674, "stop_time": 1673343999841, "tags": [], "workspace": null, "resume_strategy": "create", "customer_error_reported": true, "customer_error_message": "Unexpected error detected in the user script: Exception('\\x1b[34m\\x1b[1mtrain: \\x1b[0mError loading data from /mnt/c/Users/haddo/yolov5/datasets/halimeda/images/temp_train: \\x1b[34m\\x1b[1mtrain: \\x1b[0mNo images found\\nSee https://github.com/ultralytics/yolov5/wiki/Train-Custom-Data')"}