{"payload":{"installed_packages":["absl-py==1.3.0","asttokens==2.2.1","attrs==22.2.0","backcall==0.2.0","cachetools==5.2.0","certifi==2022.12.7","charset-normalizer==2.1.1","comet-ml==3.31.21","configobj==5.0.6","contourpy==1.0.6","cycler==0.11.0","decorator==5.1.1","dulwich==0.20.50","everett==3.1.0","executing==1.2.0","fonttools==4.38.0","gitdb==4.0.10","gitpython==3.1.29","google-auth-oauthlib==0.4.6","google-auth==2.15.0","grpcio==1.51.1","idna==3.4","importlib-metadata==5.2.0","importlib-resources==5.10.2","ipython==8.7.0","jedi==0.18.2","jsonschema==4.17.3","kiwisolver==1.4.4","markdown==3.4.1","markupsafe==2.1.1","matplotlib-inline==0.1.6","matplotlib==3.6.2","numpy==1.24.0","nvidia-cublas-cu11==11.10.3.66","nvidia-cuda-nvrtc-cu11==11.7.99","nvidia-cuda-runtime-cu11==11.7.99","nvidia-cudnn-cu11==8.5.0.96","oauthlib==3.2.2","opencv-python==4.6.0.66","packaging==22.0","pandas==1.5.2","parso==0.8.3","pexpect==4.8.0","pickleshare==0.7.5","pillow==9.3.0","pip==22.3.1","pkgutil-resolve-name==1.3.10","prompt-toolkit==3.0.36","protobuf==3.20.3","psutil==5.9.4","ptyprocess==0.7.0","pure-eval==0.2.2","pyasn1-modules==0.2.8","pyasn1==0.4.8","pygments==2.13.0","pyparsing==3.0.9","pyrsistent==0.19.3","python-dateutil==2.8.2","pytz==2022.7","pyyaml==6.0","requests-oauthlib==1.3.1","requests-toolbelt==0.10.1","requests==2.28.1","rsa==4.9","scipy==1.9.3","seaborn==0.12.1","semantic-version==2.10.0","sentry-sdk==1.12.1","setuptools==65.5.0","simplejson==3.18.1","six==1.16.0","smmap==5.0.0","stack-data==0.6.2","tensorboard-data-server==0.6.1","tensorboard-plugin-wit==1.8.1","tensorboard==2.11.0","thop==0.1.1.post2209072238","torch==1.13.1","torchvision==0.14.1","tqdm==4.64.1","traitlets==5.8.0","typing-extensions==4.4.0","urllib3==1.26.13","wcwidth==0.2.5","websocket-client==1.3.3","werkzeug==2.2.2","wheel==0.37.1","wrapt==1.14.1","wurlitzer==3.0.3","zipp==3.11.0"],"local_timestamp":1673353117594},"type":"ws_msg"}
{"payload":{"local_timestamp":1673353117602,"os_packages":["adduser=3.118ubuntu5","adwaita-icon-theme=41.0-1ubuntu1","alsa-topology-conf=1.2.5.1-2","alsa-ucm-conf=1.2.6.3-1ubuntu1.1","apparmor=3.0.4-2ubuntu2.1","apport-symptoms=0.24","apport=2.20.11-0ubuntu82.1","apt-utils=2.4.8","apt=2.4.8","at-spi2-core=2.44.0-3","base-files=12ubuntu4.2","base-passwd=3.5.52build1","bash-completion=1:2.11-5ubuntu1","bash=5.1-6ubuntu1","bind9-dnsutils=1:9.18.1-1ubuntu1.2","bind9-host=1:9.18.1-1ubuntu1.2","bind9-libs=1:9.18.1-1ubuntu1.2","binutils-common=2.38-4ubuntu2","binutils-x86-64-linux-gnu=2.38-4ubuntu2","binutils=2.38-4ubuntu2","bsdextrautils=2.37.2-4ubuntu3","bsdutils=1:2.37.2-4ubuntu3","build-essential=12.9ubuntu3","busybox-static=1:1.30.1-7ubuntu3","byobu=5.133-1","bzip2=1.0.8-5build1","ca-certificates-java=20190909","ca-certificates=20211016","command-not-found=22.04.0","console-setup-linux=1.205ubuntu3","console-setup=1.205ubuntu3","coreutils=8.32-4.1ubuntu1","cpio=2.13+dfsg-7","cpp-11=11.3.0-1ubuntu1~22.04","cpp=4:11.2.0-1ubuntu1","cron=3.0pl1-137ubuntu3","cuda-12-0=12.0.0-1","cuda-cccl-12-0=12.0.90-1","cuda-command-line-tools-12-0=12.0.0-1","cuda-compiler-12-0=12.0.0-1","cuda-cudart-12-0=12.0.107-1","cuda-cudart-dev-12-0=12.0.107-1","cuda-cuobjdump-12-0=12.0.76-1","cuda-cupti-12-0=12.0.90-1","cuda-cupti-dev-12-0=12.0.90-1","cuda-cuxxfilt-12-0=12.0.76-1","cuda-demo-suite-12-0=12.0.76-1","cuda-documentation-12-0=12.0.76-1","cuda-driver-dev-12-0=12.0.107-1","cuda-gdb-12-0=12.0.90-1","cuda-libraries-12-0=12.0.0-1","cuda-libraries-dev-12-0=12.0.0-1","cuda-nsight-12-0=12.0.78-1","cuda-nsight-compute-12-0=12.0.0-1","cuda-nsight-systems-12-0=12.0.0-1","cuda-nvcc-12-0=12.0.76-1","cuda-nvdisasm-12-0=12.0.76-1","cuda-nvml-dev-12-0=12.0.76-1","cuda-nvprof-12-0=12.0.90-1","cuda-nvprune-12-0=12.0.76-1","cuda-nvrtc-12-0=12.0.76-1","cuda-nvrtc-dev-12-0=12.0.76-1","cuda-nvtx-12-0=12.0.76-1","cuda-nvvp-12-0=12.0.90-1","cuda-opencl-12-0=12.0.76-1","cuda-opencl-dev-12-0=12.0.76-1","cuda-profiler-api-12-0=12.0.76-1","cuda-repo-wsl-ubuntu-12-0-local=12.0.0-1","cuda-runtime-12-0=12.0.0-1","cuda-sanitizer-12-0=12.0.90-1","cuda-toolkit-12-0-config-common=12.0.107-1","cuda-toolkit-12-0=12.0.0-1","cuda-toolkit-12-config-common=12.0.107-1","cuda-toolkit-config-common=12.0.107-1","cuda-tools-12-0=12.0.0-1","cuda-visual-tools-12-0=12.0.0-1","cuda=12.0.0-1","curl=7.81.0-1ubuntu1.4","dash=0.5.11+git20210903+057cd650a4ed-3build1","dbus-x11=1.12.20-2ubuntu4","dbus=1.12.20-2ubuntu4","dconf-gsettings-backend=0.40.0-3","dconf-service=0.40.0-3","debconf-i18n=1.5.79ubuntu1","debconf=1.5.79ubuntu1","debianutils=5.5-1ubuntu2","default-jre-headless=2:1.11-72build2","default-jre=2:1.11-72build2","diffutils=1:3.8-0ubuntu2","dirmngr=2.2.27-3ubuntu2.1","distro-info-data=0.52ubuntu0.1","distro-info=1.1build1","dmidecode=3.3-3ubuntu0.1","dmsetup=2:1.02.175-2.1ubuntu4","dosfstools=4.2-1build3","dpkg-dev=1.21.1ubuntu2.1","dpkg=1.21.1ubuntu2.1","e2fsprogs=1.46.5-2ubuntu1.1","ed=1.18-1","eject=2.37.2-4ubuntu3","fakeroot=1.28-1ubuntu1","file=1:5.41-3","findutils=4.8.0-1ubuntu3","fontconfig-config=2.13.1-4.2ubuntu5","fontconfig=2.13.1-4.2ubuntu5","fonts-dejavu-core=2.37-2build1","fonts-dejavu-extra=2.37-2build1","fonts-ubuntu=0.83-6ubuntu1","friendly-recovery=0.2.42","ftp=20210827-4build1","fuse3=3.10.5-1build1","g++-11=11.3.0-1ubuntu1~22.04","g++=4:11.2.0-1ubuntu1","gawk=1:5.1.0-1build3","gcc-11-base=11.3.0-1ubuntu1~22.04","gcc-11=11.3.0-1ubuntu1~22.04","gcc-12-base=12.1.0-2ubuntu1~22.04","gcc=4:11.2.0-1ubuntu1","gds-tools-12-0=1.5.0.59-1","gettext-base=0.21-4ubuntu4","gir1.2-atk-1.0=2.36.0-3build1","gir1.2-freedesktop=1.72.0-1","gir1.2-gdkpixbuf-2.0=2.42.8+dfsg-1ubuntu0.2","gir1.2-glib-2.0=1.72.0-1","gir1.2-gtk-3.0=3.24.33-1ubuntu2","gir1.2-harfbuzz-0.0=2.7.4-1ubuntu3.1","gir1.2-keybinder-3.0=0.3.2-1.1","gir1.2-notify-0.7=0.7.9-3ubuntu5.22.04.1","gir1.2-packagekitglib-1.0=1.2.5-2ubuntu2","gir1.2-pango-1.0=1.50.6+ds-2","gir1.2-vte-2.91=0.68.0-1","git-man=1:2.34.1-1ubuntu1.5","git=1:2.34.1-1ubuntu1.5","gnupg-l10n=2.2.27-3ubuntu2.1","gnupg-utils=2.2.27-3ubuntu2.1","gnupg=2.2.27-3ubuntu2.1","gpg-agent=2.2.27-3ubuntu2.1","gpg-wks-client=2.2.27-3ubuntu2.1","gpg-wks-server=2.2.27-3ubuntu2.1","gpg=2.2.27-3ubuntu2.1","gpgconf=2.2.27-3ubuntu2.1","gpgsm=2.2.27-3ubuntu2.1","gpgv=2.2.27-3ubuntu2.1","grep=3.7-1build1","groff-base=1.22.4-8build1","gsettings-desktop-schemas=42.0-1ubuntu1","gtk-update-icon-cache=3.24.33-1ubuntu2","gzip=1.10-4ubuntu4.1","hdparm=9.60+ds-1build3","hicolor-icon-theme=0.17-2","hostname=3.23ubuntu2","htop=3.0.5-7build2","humanity-icon-theme=0.6.16","info=6.8-4build1","init-system-helpers=1.62","init=1.62","install-info=6.8-4build1","iproute2=5.15.0-1ubuntu2","iptables=1.8.7-1ubuntu5","iputils-ping=3:20211215-1","iputils-tracepath=3:20211215-1","irqbalance=1.8.0-1build1","isc-dhcp-client=4.4.1-2.3ubuntu2.3","isc-dhcp-common=4.4.1-2.3ubuntu2.3","iso-codes=4.9.0-1","java-common=0.72build2","javascript-common=11+nmu1","kbd=2.3.0-3ubuntu4","keyboard-configuration=1.205ubuntu3","kmod=29-1ubuntu1","less=590-1build1","libaccinj64-11.5=11.5.114~11.5.1-1ubuntu1","libacl1=2.3.1-1","libalgorithm-diff-perl=1.201-1","libalgorithm-diff-xs-perl=0.04-6build3","libalgorithm-merge-perl=0.08-3","libapparmor1=3.0.4-2ubuntu2.1","libappstream4=0.15.2-2","libapt-pkg6.0=2.4.8","libargon2-1=0~20171227-0.3","libasan6=11.3.0-1ubuntu1~22.04","libasound2-data=1.2.6.1-1ubuntu1","libasound2=1.2.6.1-1ubuntu1","libassuan0=2.5.5-1build1","libasyncns0=0.8-6build2","libatk-bridge2.0-0=2.38.0-3","libatk-wrapper-java-jni=0.38.0-5build1","libatk-wrapper-java=0.38.0-5build1","libatk1.0-0=2.36.0-3build1","libatk1.0-data=2.36.0-3build1","libatm1=1:2.5.1-4build2","libatomic1=12.1.0-2ubuntu1~22.04","libatspi2.0-0=2.44.0-3","libattr1=1:2.5.1-1build1","libaudit-common=1:3.0.7-1build1","libaudit1=1:3.0.7-1build1","libauthen-sasl-perl=2.1600-1.1","libavahi-client3=0.8-5ubuntu5","libavahi-common-data=0.8-5ubuntu5","libavahi-common3=0.8-5ubuntu5","libbabeltrace1=1.5.8-2build1","libbinutils=2.38-4ubuntu2","libblkid1=2.37.2-4ubuntu3","libboost-regex1.74.0=1.74.0-14ubuntu3","libbpf0=1:0.5.0-1","libbrotli1=1.0.9-2build6","libbsd0=0.11.5-1","libbz2-1.0=1.0.8-5build1","libc-bin=2.35-0ubuntu3.1","libc-dev-bin=2.35-0ubuntu3.1","libc-devtools=2.35-0ubuntu3.1","libc6-dev=2.35-0ubuntu3.1","libc6=2.35-0ubuntu3.1","libcairo-gobject2=1.16.0-5ubuntu2","libcairo2=1.16.0-5ubuntu2","libcap-ng0=0.7.9-2.2build3","libcap2-bin=1:2.44-1build3","libcap2=1:2.44-1build3","libcbor0.8=0.8.0-2ubuntu1","libcc1-0=12.1.0-2ubuntu1~22.04","libclone-perl=0.45-1build3","libcolord2=1.4.6-1","libcom-err2=1.46.5-2ubuntu1.1","libcrypt-dev=1:4.4.27-1","libcrypt1=1:4.4.27-1","libcryptsetup12=2:2.4.3-1ubuntu1.1","libctf-nobfd0=2.38-4ubuntu2","libctf0=2.38-4ubuntu2","libcub-dev=1.15.0-3","libcublas-12-0=12.0.1.189-1","libcublas-dev-12-0=12.0.1.189-1","libcublas11=11.7.4.6~11.5.1-1ubuntu1","libcublaslt11=11.7.4.6~11.5.1-1ubuntu1","libcudart11.0=11.5.117~11.5.1-1ubuntu1","libcufft-12-0=11.0.0.21-1","libcufft-dev-12-0=11.0.0.21-1","libcufft10=11.1.1+~10.6.0.107~11.5.1-1ubuntu1","libcufftw10=11.1.1+~10.6.0.107~11.5.1-1ubuntu1","libcufile-12-0=1.5.0.59-1","libcufile-dev-12-0=1.5.0.59-1","libcuinj64-11.5=11.5.114~11.5.1-1ubuntu1","libcups2=2.4.1op1-1ubuntu4.1","libcupti-dev=11.5.114~11.5.1-1ubuntu1","libcupti-doc=11.5.114~11.5.1-1ubuntu1","libcupti11.5=11.5.114~11.5.1-1ubuntu1","libcurand-12-0=10.3.1.50-1","libcurand-dev-12-0=10.3.1.50-1","libcurand10=11.1.1+~10.2.7.107~11.5.1-1ubuntu1","libcurl3-gnutls=7.81.0-1ubuntu1.4","libcurl4=7.81.0-1ubuntu1.4","libcusolver-12-0=11.4.2.57-1","libcusolver-dev-12-0=11.4.2.57-1","libcusolver11=11.3.2.107~11.5.1-1ubuntu1","libcusolvermg11=11.3.2.107~11.5.1-1ubuntu1","libcusparse-12-0=12.0.0.76-1","libcusparse-dev-12-0=12.0.0.76-1","libcusparse11=11.7.0.107~11.5.1-1ubuntu1","libdata-dump-perl=1.25-1","libdatrie1=0.2.13-2","libdb5.3=5.3.28+dfsg1-0.8ubuntu3","libdbus-1-3=1.12.20-2ubuntu4","libdconf1=0.40.0-3","libdebconfclient0=0.261ubuntu1","libdebuginfod-common=0.186-1build1","libdebuginfod1=0.186-1build1","libdeflate0=1.10-2","libdevmapper1.02.1=2:1.02.175-2.1ubuntu4","libdns-export1110=1:9.11.19+dfsg-2.1ubuntu3","libdpkg-perl=1.21.1ubuntu2.1","libdrm-amdgpu1=2.4.110-1ubuntu1","libdrm-common=2.4.110-1ubuntu1","libdrm-intel1=2.4.110-1ubuntu1","libdrm-nouveau2=2.4.110-1ubuntu1","libdrm-radeon1=2.4.110-1ubuntu1","libdrm2=2.4.110-1ubuntu1","libdw1=0.186-1build1","libedit2=3.1-20210910-1build1","libegl-dev=1.4.0-1","libegl-mesa0=22.0.5-0ubuntu0.1","libegl1-mesa=22.0.5-0ubuntu0.1","libegl1=1.4.0-1","libelf1=0.186-1build1","libencode-locale-perl=1.05-1.1","libepoxy0=1.5.10-1","liberror-perl=0.17029-1","libestr0=0.1.10-2.1build3","libevent-core-2.1-7=2.1.12-stable-1build3","libexpat1=2.4.7-1","libext2fs2=1.46.5-2ubuntu1.1","libfakeroot=1.28-1ubuntu1","libfastjson4=0.99.9-1build2","libffi8=3.4.2-4","libfido2-1=1.10.0-1","libfile-basedir-perl=0.09-1","libfile-desktopentry-perl=0.22-2","libfile-fcntllock-perl=0.22-3build7","libfile-listing-perl=6.14-1","libfile-mimeinfo-perl=0.31-1","libflac8=1.3.3-2ubuntu0.1","libfont-afm-perl=1.20-3","libfontconfig1=2.13.1-4.2ubuntu5","libfontenc1=1:1.1.4-1build3","libfreetype6=2.11.1+dfsg-1ubuntu0.1","libfribidi0=1.0.8-2ubuntu3.1","libfuse3-3=3.10.5-1build1","libgail-common=2.24.33-2ubuntu2","libgail18=2.24.33-2ubuntu2","libgbm1=22.0.5-0ubuntu0.1","libgcc-11-dev=11.3.0-1ubuntu1~22.04","libgcc-s1=12.1.0-2ubuntu1~22.04","libgcrypt20=1.9.4-3ubuntu3","libgd3=2.3.0-2ubuntu2","libgdbm-compat4=1.23-1","libgdbm6=1.23-1","libgdk-pixbuf-2.0-0=2.42.8+dfsg-1ubuntu0.2","libgdk-pixbuf2.0-bin=2.42.8+dfsg-1ubuntu0.2","libgdk-pixbuf2.0-common=2.42.8+dfsg-1ubuntu0.2","libgif7=5.1.9-2build2","libgirepository-1.0-1=1.72.0-1","libgl-dev=1.4.0-1","libgl1-amber-dri=21.3.7-0ubuntu1","libgl1-mesa-dev=22.0.5-0ubuntu0.1","libgl1-mesa-dri=22.0.5-0ubuntu0.1","libgl1-mesa-glx=22.0.5-0ubuntu0.1","libgl1=1.4.0-1","libglapi-mesa=22.0.5-0ubuntu0.1","libgles-dev=1.4.0-1","libgles1=1.4.0-1","libgles2=1.4.0-1","libglib2.0-0=2.72.1-1","libglib2.0-bin=2.72.1-1","libglib2.0-data=2.72.1-1","libglvnd-core-dev=1.4.0-1","libglvnd-dev=1.4.0-1","libglvnd0=1.4.0-1","libglx-dev=1.4.0-1","libglx-mesa0=22.0.5-0ubuntu0.1","libglx0=1.4.0-1","libgmp10=2:6.2.1+dfsg-3ubuntu1","libgnutls30=3.7.3-4ubuntu1.1","libgomp1=12.1.0-2ubuntu1~22.04","libgpg-error0=1.43-3","libgpm2=1.20.7-10build1","libgraphite2-3=1.3.14-1build2","libgssapi-krb5-2=1.19.2-2","libgstreamer1.0-0=1.20.3-0ubuntu1","libgtk-3-0=3.24.33-1ubuntu2","libgtk-3-bin=3.24.33-1ubuntu2","libgtk-3-common=3.24.33-1ubuntu2","libgtk2.0-0=2.24.33-2ubuntu2","libgtk2.0-bin=2.24.33-2ubuntu2","libgtk2.0-common=2.24.33-2ubuntu2","libharfbuzz0b=2.7.4-1ubuntu3.1","libhogweed6=3.7.3-1build2","libhtml-form-perl=6.07-1","libhtml-format-perl=2.12-1.1","libhtml-parser-perl=3.76-1build2","libhtml-tagset-perl=3.20-4","libhtml-tree-perl=5.07-2","libhttp-cookies-perl=6.10-1","libhttp-daemon-perl=6.13-1ubuntu0.1","libhttp-date-perl=6.05-1","libhttp-message-perl=6.36-1","libhttp-negotiate-perl=6.01-1","libice6=2:1.0.10-1build2","libicu70=70.1-2","libidn2-0=2.3.2-2build1","libio-html-perl=1.004-2","libio-socket-ssl-perl=2.074-2","libio-stringy-perl=2.111-3","libip4tc2=1.8.7-1ubuntu5","libip6tc2=1.8.7-1ubuntu5","libipc-system-simple-perl=1.30-1","libipt2=2.0.5-1","libisc-export1105=1:9.11.19+dfsg-2.1ubuntu3","libisl23=0.24-2build1","libitm1=12.1.0-2ubuntu1~22.04","libjansson4=2.13.1-1.1build3","libjbig0=2.1-3.1ubuntu0.22.04.1","libjpeg-turbo8=2.1.2-0ubuntu1","libjpeg8=8c-2ubuntu10","libjs-jquery=3.6.0+dfsg+~3.5.13-1","libjson-c5=0.15-3~ubuntu1.22.04.1","libk5crypto3=1.19.2-2","libkeybinder-3.0-0=0.3.2-1.1","libkeyutils1=1.6.1-2ubuntu3","libkmod2=29-1ubuntu1","libkrb5-3=1.19.2-2","libkrb5support0=1.19.2-2","libksba8=1.6.0-2ubuntu0.1","liblcms2-2=2.12~rc1-2build2","libldap-2.5-0=2.5.13+dfsg-0ubuntu0.22.04.1","libldap-common=2.5.13+dfsg-0ubuntu0.22.04.1","libllvm13=1:13.0.1-2ubuntu2.1","liblmdb0=0.9.24-1build2","liblocale-gettext-perl=1.07-4build3","liblsan0=12.1.0-2ubuntu1~22.04","liblwp-mediatypes-perl=6.04-1","liblwp-protocol-https-perl=6.10-1","liblz4-1=1.9.3-2build2","liblzma5=5.2.5-2ubuntu1","liblzo2-2=2.10-2build3","libmagic-mgc=1:5.41-3","libmagic1=1:5.41-3","libmailtools-perl=2.21-1","libmaxminddb0=1.5.2-1build2","libmd0=1.0.4-1build1","libmnl0=1.0.4-3build2","libmount1=2.37.2-4ubuntu3","libmpc3=1.2.1-2build1","libmpdec3=2.5.1-2build2","libmpfr6=4.1.0-3build3","libncurses6=6.3-2","libncursesw6=6.3-2","libnet-dbus-perl=1.2.0-1build3","libnet-http-perl=6.22-1","libnet-smtp-ssl-perl=1.04-1","libnet-ssleay-perl=1.92-1build2","libnetfilter-conntrack3=1.0.9-1","libnetplan0=0.104-0ubuntu2.1","libnettle8=3.7.3-1build2","libnewt0.52=0.52.21-5ubuntu2","libnfnetlink0=1.0.1-3build3","libnftables1=1.0.2-1ubuntu3","libnftnl11=1.2.1-1build1","libnghttp2-14=1.43.0-1build3","libnl-3-200=3.5.0-0.1","libnl-genl-3-200=3.5.0-0.1","libnotify4=0.7.9-3ubuntu5.22.04.1","libnpp-12-0=12.0.0.30-1","libnpp-dev-12-0=12.0.0.30-1","libnppc11=11.5.1.107~11.5.1-1ubuntu1","libnppial11=11.5.1.107~11.5.1-1ubuntu1","libnppicc11=11.5.1.107~11.5.1-1ubuntu1","libnppidei11=11.5.1.107~11.5.1-1ubuntu1","libnppif11=11.5.1.107~11.5.1-1ubuntu1","libnppig11=11.5.1.107~11.5.1-1ubuntu1","libnppim11=11.5.1.107~11.5.1-1ubuntu1","libnppist11=11.5.1.107~11.5.1-1ubuntu1","libnppisu11=11.5.1.107~11.5.1-1ubuntu1","libnppitc11=11.5.1.107~11.5.1-1ubuntu1","libnpps11=11.5.1.107~11.5.1-1ubuntu1","libnpth0=1.6-3build2","libnsl-dev=1.3.0-2build2","libnsl2=1.3.0-2build2","libnspr4=2:4.32-3build1","libnss-systemd=249.11-0ubuntu3.6","libnss3=2:3.68.2-0ubuntu1.1","libntfs-3g89=1:2021.8.22-3ubuntu1.1","libnuma1=2.0.14-3ubuntu2","libnvblas11=11.7.4.6~11.5.1-1ubuntu1","libnvidia-compute-495=510.108.03-0ubuntu0.22.04.1","libnvidia-compute-510=510.108.03-0ubuntu0.22.04.1","libnvidia-ml-dev=11.5.50~11.5.1-1ubuntu1","libnvjitlink-12-0=12.0.76-1","libnvjitlink-dev-12-0=12.0.76-1","libnvjpeg-12-0=12.0.0.28-1","libnvjpeg-dev-12-0=12.0.0.28-1","libnvjpeg11=11.5.4.107~11.5.1-1ubuntu1","libnvrtc-builtins11.5=11.5.119~11.5.1-1ubuntu1","libnvrtc11.2=11.5.119~11.5.1-1ubuntu1","libnvtoolsext1=11.5.114~11.5.1-1ubuntu1","libnvvm-samples-12-0=12.0.94-1","libnvvm4=11.5.119~11.5.1-1ubuntu1","libogg0=1.3.5-0ubuntu3","libopengl-dev=1.4.0-1","libopengl0=1.4.0-1","libopus0=1.3.1-0.1build2","libp11-kit0=0.24.0-6build1","libpackagekit-glib2-18=1.2.5-2ubuntu2","libpam-cap=1:2.44-1build3","libpam-modules-bin=1.4.0-11ubuntu2","libpam-modules=1.4.0-11ubuntu2","libpam-runtime=1.4.0-11ubuntu2","libpam-systemd=249.11-0ubuntu3.6","libpam0g=1.4.0-11ubuntu2","libpango-1.0-0=1.50.6+ds-2","libpangocairo-1.0-0=1.50.6+ds-2","libpangoft2-1.0-0=1.50.6+ds-2","libpangoxft-1.0-0=1.50.6+ds-2","libparted2=3.4-2build1","libpcap0.8=1.10.1-4build1","libpci3=1:3.7.0-6","libpciaccess0=0.16-3","libpcre2-8-0=10.39-3ubuntu0.1","libpcre3=2:8.39-13ubuntu0.22.04.1","libpcsclite1=1.9.5-3","libperl5.34=5.34.0-3ubuntu1.1","libpipeline1=1.5.5-1","libpixman-1-0=0.40.0-1ubuntu0.22.04.1","libplymouth5=0.9.5+git20211018-1ubuntu3","libpng16-16=1.6.37-3build5","libpolkit-agent-1-0=0.105-33","libpolkit-gobject-1-0=0.105-33","libpopt0=1.18-3build1","libprocps8=2:3.3.17-6ubuntu2","libpsl5=0.21.0-1.2build2","libpthread-stubs0-dev=0.4-1build2","libpulse0=1:15.99.1+dfsg1-1ubuntu2","libpython3-stdlib=3.10.6-1~22.04","libpython3.10-minimal=3.10.6-1~22.04","libpython3.10-stdlib=3.10.6-1~22.04","libpython3.10=3.10.6-1~22.04","libquadmath0=12.1.0-2ubuntu1~22.04","libreadline8=8.1.2-1","librsvg2-2=2.52.5+dfsg-3","librsvg2-common=2.52.5+dfsg-3","librtmp1=2.4+20151223.gitfa8646d.1-2build4","libsasl2-2=2.1.27+dfsg2-3ubuntu1","libsasl2-modules-db=2.1.27+dfsg2-3ubuntu1","libsasl2-modules=2.1.27+dfsg2-3ubuntu1","libseccomp2=2.5.3-2ubuntu2","libselinux1=3.3-1build2","libsemanage-common=3.3-1build2","libsemanage2=3.3-1build2","libsensors-config=1:3.6.0-7ubuntu1","libsensors5=1:3.6.0-7ubuntu1","libsepol2=3.3-1build1","libsigsegv2=2.13-1ubuntu3","libslang2=2.3.2-5build4","libsm6=2:1.2.3-1build2","libsmartcols1=2.37.2-4ubuntu3","libsndfile1=1.0.31-2build1","libsodium23=1.0.18-1build2","libsource-highlight-common=3.1.9-4.1build2","libsource-highlight4v5=3.1.9-4.1build2","libsqlite3-0=3.37.2-2","libss2=1.46.5-2ubuntu1.1","libssh-4=0.9.6-2build1","libssl3=3.0.2-0ubuntu1.6","libstdc++-11-dev=11.3.0-1ubuntu1~22.04","libstdc++6=12.1.0-2ubuntu1~22.04","libstemmer0d=2.2.0-1build1","libsystemd0=249.11-0ubuntu3.6","libtasn1-6=4.18.0-4build1","libtbb-dev=2021.5.0-7ubuntu2","libtbb12=2021.5.0-7ubuntu2","libtbbmalloc2=2021.5.0-7ubuntu2","libtext-charwidth-perl=0.04-10build3","libtext-iconv-perl=1.7-7build3","libtext-wrapi18n-perl=0.06-9","libthai-data=0.1.29-1build1","libthai0=0.1.29-1build1","libthrust-dev=1.15.0-1","libtie-ixhash-perl=1.23-2.1","libtiff5=4.3.0-6ubuntu0.3","libtimedate-perl=2.3300-2","libtinfo5=6.3-2","libtinfo6=6.3-2","libtirpc-common=1.3.2-2ubuntu0.1","libtirpc-dev=1.3.2-2ubuntu0.1","libtirpc3=1.3.2-2ubuntu0.1","libtry-tiny-perl=0.31-1","libtsan0=11.3.0-1ubuntu1~22.04","libubsan1=12.1.0-2ubuntu1~22.04","libuchardet0=0.0.7-1build2","libudev1=249.11-0ubuntu3.6","libunistring2=1.0-1","libunwind8=1.3.2-2build2","liburi-perl=5.10-1","libusb-1.0-0=2:1.0.25-1ubuntu2","libutempter0=1.2.1-2build2","libuuid1=2.37.2-4ubuntu3","libuv1=1.43.0-1","libvdpau-dev=1.4-3build2","libvdpau1=1.4-3build2","libvorbis0a=1.3.7-1build2","libvorbisenc2=1.3.7-1build2","libvte-2.91-0=0.68.0-1","libvte-2.91-common=0.68.0-1","libvulkan1=1.3.204.1-2","libwayland-client0=1.20.0-1ubuntu0.1","libwayland-cursor0=1.20.0-1ubuntu0.1","libwayland-egl1=1.20.0-1ubuntu0.1","libwayland-server0=1.20.0-1ubuntu0.1","libwebp7=1.2.2-2","libwww-perl=6.61-1","libwww-robotrules-perl=6.02-1","libx11-6=2:1.7.5-1","libx11-data=2:1.7.5-1","libx11-dev=2:1.7.5-1","libx11-protocol-perl=0.56-7.1","libx11-xcb1=2:1.7.5-1","libxau-dev=1:1.0.9-1build5","libxau6=1:1.0.9-1build5","libxaw7=2:1.0.14-1","libxcb-dri2-0=1.14-3ubuntu3","libxcb-dri3-0=1.14-3ubuntu3","libxcb-glx0=1.14-3ubuntu3","libxcb-icccm4=0.4.1-1.1build2","libxcb-image0=0.4.0-2","libxcb-keysyms1=0.4.0-1build3","libxcb-present0=1.14-3ubuntu3","libxcb-randr0=1.14-3ubuntu3","libxcb-render-util0=0.3.9-1build3","libxcb-render0=1.14-3ubuntu3","libxcb-shape0=1.14-3ubuntu3","libxcb-shm0=1.14-3ubuntu3","libxcb-sync1=1.14-3ubuntu3","libxcb-util1=0.4.0-1build2","libxcb-xfixes0=1.14-3ubuntu3","libxcb-xinerama0=1.14-3ubuntu3","libxcb-xinput0=1.14-3ubuntu3","libxcb-xkb1=1.14-3ubuntu3","libxcb1-dev=1.14-3ubuntu3","libxcb1=1.14-3ubuntu3","libxcomposite1=1:0.4.5-1build2","libxcursor1=1:1.2.0-2build4","libxdamage1=1:1.1.5-2build2","libxdmcp-dev=1:1.1.3-0ubuntu5","libxdmcp6=1:1.1.3-0ubuntu5","libxext6=2:1.3.4-1build1","libxfixes3=1:6.0.0-1","libxft2=2.3.4-1","libxi6=2:1.8-1build1","libxinerama1=2:1.1.4-3","libxkbcommon-x11-0=1.4.0-1","libxkbcommon0=1.4.0-1","libxkbfile1=1:1.1.0-1build3","libxml-parser-perl=2.46-3build1","libxml-twig-perl=1:3.52-1","libxml-xpathengine-perl=0.14-1","libxml2=2.9.13+dfsg-1ubuntu0.1","libxmlb2=0.3.6-2build1","libxmu6=2:1.1.3-3","libxmuu1=2:1.1.3-3","libxpm4=1:3.5.12-1build2","libxrandr2=2:1.5.2-1build1","libxrender1=1:0.9.10-1build4","libxshmfence1=1.3-1build4","libxss1=1:1.2.3-1build2","libxt6=1:1.2.1-1","libxtables12=1.8.7-1ubuntu5","libxtst6=2:1.2.3-1build4","libxv1=2:1.0.11-1build2","libxxf86dga1=2:1.1.5-0ubuntu3","libxxf86vm1=1:1.1.4-1build3","libxxhash0=0.8.1-1","libyaml-0-2=0.2.2-1build2","libzstd1=1.4.8+dfsg-3build1","linux-libc-dev=5.15.0-56.62","locales=2.35-0ubuntu3.1","login=1:4.8.1-2ubuntu2","logrotate=3.19.0-1ubuntu1.1","logsave=1.46.5-2ubuntu1.1","lsb-base=11.1.0ubuntu4","lsb-release=11.1.0ubuntu4","lshw=02.19.git.2021.06.19.996aaad9c7-2build1","lsof=4.93.2+dfsg-1.1build2","lto-disabled-list=24","make=4.3-4.1build1","man-db=2.10.2-1","manpages-dev=5.10-1ubuntu1","manpages=5.10-1ubuntu1","mawk=1.3.4.20200120-3","media-types=7.0.0","mesa-vdpau-drivers=22.0.5-0ubuntu0.1","mesa-vulkan-drivers=22.0.5-0ubuntu0.1","motd-news-config=12ubuntu4.2","mount=2.37.2-4ubuntu3","mtr-tiny=0.95-1","nano=6.2-1","ncurses-base=6.3-2","ncurses-bin=6.3-2","netbase=6.3","netcat-openbsd=1.218-4ubuntu1","netplan.io=0.104-0ubuntu2.1","networkd-dispatcher=2.1-2ubuntu0.22.04.2","nftables=1.0.2-1ubuntu3","node-html5shiv=3.7.3+dfsg-4","nsight-compute-2022.4.0=2022.4.0.15-1","nsight-systems-2022.4.2=2022.4.2.18-32044700v0","ntfs-3g=1:2021.8.22-3ubuntu1.1","nvidia-cuda-dev=11.5.1-1ubuntu1","nvidia-cuda-gdb=11.5.114~11.5.1-1ubuntu1","nvidia-cuda-toolkit-doc=11.5.1-1ubuntu1","nvidia-cuda-toolkit=11.5.1-1ubuntu1","nvidia-opencl-dev=11.5.1-1ubuntu1","nvidia-profiler=11.5.114~11.5.1-1ubuntu1","nvidia-visual-profiler=11.5.114~11.5.1-1ubuntu1","ocl-icd-libopencl1=2.2.14-3","ocl-icd-opencl-dev=2.2.14-3","opencl-c-headers=3.0~2022.01.04-1","opencl-clhpp-headers=3.0~2.0.15-1ubuntu1","openjdk-11-jre-headless=11.0.17+8-1ubuntu2~22.04","openjdk-11-jre=11.0.17+8-1ubuntu2~22.04","openjdk-8-jre-headless=8u352-ga-1~22.04","openjdk-8-jre=8u352-ga-1~22.04","openssh-client=1:8.9p1-3","openssl=3.0.2-0ubuntu1.6","packagekit-tools=1.2.5-2ubuntu2","packagekit=1.2.5-2ubuntu2","parted=3.4-2build1","passwd=1:4.8.1-2ubuntu2","pastebinit=1.5.1-1ubuntu1","patch=2.7.6-7build2","pci.ids=0.0~2022.01.22-1","pciutils=1:3.7.0-6","perl-base=5.34.0-3ubuntu1.1","perl-modules-5.34=5.34.0-3ubuntu1.1","perl-openssl-defaults=5build2","perl=5.34.0-3ubuntu1.1","pinentry-curses=1.1.1-1build2","pkexec=0.105-33","plymouth-theme-ubuntu-text=0.9.5+git20211018-1ubuntu3","plymouth=0.9.5+git20211018-1ubuntu3","policykit-1=0.105-33","polkitd=0.105-33","powermgmt-base=1.36","procps=2:3.3.17-6ubuntu2","psmisc=23.4-2build3","publicsuffix=20211207.1025-1","python-apt-common=2.3.0ubuntu2.1","python3-apport=2.20.11-0ubuntu82.1","python3-apt=2.3.0ubuntu2.1","python3-blinker=1.4+dfsg1-0.4","python3-cairo=1.20.1-3build1","python3-cffi-backend=1.15.0-1build2","python3-commandnotfound=22.04.0","python3-configobj=5.0.6-5","python3-cryptography=3.4.8-1ubuntu2","python3-dbus=1.2.18-3build1","python3-distro-info=1.1build1","python3-distro=1.7.0-1","python3-distupgrade=1:22.04.14","python3-gdbm=3.10.6-1~22.04","python3-gi-cairo=3.42.1-0ubuntu1","python3-gi=3.42.1-0ubuntu1","python3-httplib2=0.20.2-2","python3-importlib-metadata=4.6.4-1","python3-jeepney=0.7.1-3","python3-jwt=2.3.0-1ubuntu0.2","python3-keyring=23.5.0-1","python3-launchpadlib=1.10.16-1","python3-lazr.restfulclient=0.14.4-1","python3-lazr.uri=1.0.6-2","python3-minimal=3.10.6-1~22.04","python3-more-itertools=8.10.0-2","python3-netifaces=0.11.0-1build2","python3-newt=0.52.21-5ubuntu2","python3-oauthlib=3.2.0-1ubuntu0.1","python3-pkg-resources=59.6.0-1.2","python3-problem-report=2.20.11-0ubuntu82.1","python3-psutil=5.9.0-1build1","python3-pyparsing=2.4.7-1","python3-secretstorage=3.3.1-1","python3-six=1.16.0-3ubuntu1","python3-software-properties=0.99.22.3","python3-systemd=234-3ubuntu2","python3-update-manager=1:22.04.9","python3-wadllib=1.3.6-1","python3-yaml=5.4.1-1ubuntu1","python3-zipp=1.0.0-3","python3.10-minimal=3.10.6-1~22.04","python3.10=3.10.6-1~22.04","python3=3.10.6-1~22.04","readline-common=8.1.2-1","rpcsvc-proto=1.4.2-0ubuntu6","rsync=3.2.3-8ubuntu3","rsyslog=8.2112.0-2ubuntu2.2","run-one=1.17-0ubuntu1","screen=4.9.0-1","sed=4.8-1ubuntu2","sensible-utils=0.0.17","session-migration=0.3.6","shared-mime-info=2.1-2","show-motd=3.10","snapd=2.57.5+22.04","software-properties-common=0.99.22.3","squashfs-tools=1:4.5-3build1","strace=5.16-0ubuntu3","sudo=1.9.9-1ubuntu2.1","systemd-hwe-hwdb=249.11.1","systemd-sysv=249.11-0ubuntu3.6","systemd-timesyncd=249.11-0ubuntu3.6","systemd=249.11-0ubuntu3.6","sysvinit-utils=3.01-1ubuntu1","tar=1.34+dfsg-1build3","tcpdump=4.99.1-3build2","telnet=0.17-44build1","terminator=2.1.1-1","time=1.9-0.1build2","tmux=3.2a-4build1","tnftp=20210827-4build1","tzdata=2022c-0ubuntu0.22.04.0","ubuntu-advantage-tools=27.11.2~22.04.1","ubuntu-keyring=2021.03.26","ubuntu-minimal=1.481","ubuntu-mono=20.10-0ubuntu2","ubuntu-release-upgrader-core=1:22.04.14","ubuntu-standard=1.481","ubuntu-wsl=1.481","ucf=3.0043","udev=249.11-0ubuntu3.6","ufw=0.36.1-4build1","unattended-upgrades=2.8ubuntu1","update-manager-core=1:22.04.9","update-motd=3.10","usb.ids=2022.04.02-1","usbutils=1:014-1build1","usrmerge=25ubuntu2","util-linux=2.37.2-4ubuntu3","uuid-runtime=2.37.2-4ubuntu3","vdpau-driver-all=1.4-3build2","vim-common=2:8.2.3995-1ubuntu2.1","vim-runtime=2:8.2.3995-1ubuntu2.1","vim-tiny=2:8.2.3995-1ubuntu2.1","vim=2:8.2.3995-1ubuntu2.1","wget=1.21.2-2ubuntu1","whiptail=0.52.21-5ubuntu2","wsl-setup=0.2","x11-common=1:7.7+23ubuntu2","x11-utils=7.7+5build2","x11-xkb-utils=7.7+5build4","x11-xserver-utils=7.7+9build1","x11proto-dev=2021.5-1","xauth=1:1.1-1build2","xdg-user-dirs=0.17-2ubuntu4","xdg-utils=1.1.3-4.1ubuntu3~22.04.1","xkb-data=2.33-1","xorg-sgml-doctools=1:1.11-1.1","xtrans-dev=1.4.0-1","xxd=2:8.2.3995-1ubuntu2.1","xz-utils=5.2.5-2ubuntu1","zlib1g=1:1.2.11.dfsg-2ubuntu9.2"]},"type":"ws_msg"}
{"payload":{"env_details":{"command":["train.py","--img","1200","--batch","8","--epochs","200","--data","halimeda.yaml","--weights","yolov5x6.pt","--project","/mnt/c/Users/haddo/yolov5/projects/halimeda/yolo_X6/","--name","hyp_high","--single-cls","--hyp","data/hyps/hyp.scratch-high.yaml","--patience","50"],"env":null,"hostname":"haddock","ip":"172.27.103.53","machine":"x86_64","os":"Linux-5.15.79.1-microsoft-standard-WSL2-x86_64-with-glibc2.17","os_release":"5.15.79.1-microsoft-standard-WSL2","os_type":"Linux","pid":1652,"processor":"x86_64","python_exe":"/home/haddock/anaconda3/envs/yolov5/bin/python3","python_version":"3.8.15","python_version_verbose":"3.8.15 (default, Nov 24 2022, 15:19:38) \n[GCC 11.2.0]","user":"haddock"},"local_timestamp":1673353117645},"type":"ws_msg"}
{"payload":{"gpu_static_info":[{"gpu_index":0,"name":"NVIDIA GeForce RTX 4090","power_limit":450000,"total_memory":25757220864,"uuid":"GPU-ef076fed-442f-28c2-574a-66095208839c"}],"local_timestamp":1673353117652},"type":"ws_msg"}
{"payload":{"local_timestamp":1673353117653,"metric":{"epoch":null,"metricName":"sys.gpu.0.total_memory","metricValue":25757220864,"step":null}},"type":"metric_msg"}
{"payload":{"local_timestamp":1673353117654,"param":{"paramName":"img","paramValue":1200,"source":"cli","step":null}},"type":"parameter_msg"}
{"payload":{"local_timestamp":1673353117654,"param":{"paramName":"batch","paramValue":8,"source":"cli","step":null}},"type":"parameter_msg"}
{"payload":{"local_timestamp":1673353117654,"param":{"paramName":"epochs","paramValue":200,"source":"cli","step":null}},"type":"parameter_msg"}
{"payload":{"local_timestamp":1673353117654,"param":{"paramName":"data","paramValue":"halimeda.yaml","source":"cli","step":null}},"type":"parameter_msg"}
{"payload":{"local_timestamp":1673353117655,"param":{"paramName":"weights","paramValue":"yolov5x6.pt","source":"cli","step":null}},"type":"parameter_msg"}
{"payload":{"local_timestamp":1673353117655,"param":{"paramName":"project","paramValue":"/mnt/c/Users/haddo/yolov5/projects/halimeda/yolo_X6/","source":"cli","step":null}},"type":"parameter_msg"}
{"payload":{"local_timestamp":1673353117655,"param":{"paramName":"name","paramValue":"hyp_high","source":"cli","step":null}},"type":"parameter_msg"}
{"payload":{"local_timestamp":1673353117655,"param":{"paramName":"single-cls","paramValue":true,"source":"cli","step":null}},"type":"parameter_msg"}
{"payload":{"local_timestamp":1673353117655,"param":{"paramName":"hyp","paramValue":"data/hyps/hyp.scratch-high.yaml","source":"cli","step":null}},"type":"parameter_msg"}
{"payload":{"local_timestamp":1673353117655,"param":{"paramName":"patience","paramValue":50,"source":"cli","step":null}},"type":"parameter_msg"}
{"payload":{"local_timestamp":1673353117655,"log_other":{"key":"offline_experiment","val":true}},"type":"ws_msg"}
{"payload":{"local_timestamp":1673353117656,"metric":{"epoch":null,"metricName":"sys.cpu.percent.avg","metricValue":2.629166666666667,"step":null}},"type":"metric_msg"}
{"payload":{"local_timestamp":1673353117656,"metric":{"epoch":null,"metricName":"sys.cpu.percent.01","metricValue":3.8,"step":null}},"type":"metric_msg"}
{"payload":{"local_timestamp":1673353117656,"metric":{"epoch":null,"metricName":"sys.cpu.percent.02","metricValue":2.7,"step":null}},"type":"metric_msg"}
{"payload":{"local_timestamp":1673353117656,"metric":{"epoch":null,"metricName":"sys.cpu.percent.03","metricValue":0.9,"step":null}},"type":"metric_msg"}
{"payload":{"local_timestamp":1673353117656,"metric":{"epoch":null,"metricName":"sys.cpu.percent.04","metricValue":3.0,"step":null}},"type":"metric_msg"}
{"payload":{"local_timestamp":1673353117656,"metric":{"epoch":null,"metricName":"sys.cpu.percent.05","metricValue":5.0,"step":null}},"type":"metric_msg"}
{"payload":{"local_timestamp":1673353117656,"metric":{"epoch":null,"metricName":"sys.cpu.percent.06","metricValue":0.6,"step":null}},"type":"metric_msg"}
{"payload":{"local_timestamp":1673353117656,"metric":{"epoch":null,"metricName":"sys.cpu.percent.07","metricValue":3.6,"step":null}},"type":"metric_msg"}
{"payload":{"local_timestamp":1673353117656,"metric":{"epoch":null,"metricName":"sys.cpu.percent.08","metricValue":0.0,"step":null}},"type":"metric_msg"}
{"payload":{"local_timestamp":1673353117656,"metric":{"epoch":null,"metricName":"sys.cpu.percent.09","metricValue":0.3,"step":null}},"type":"metric_msg"}
{"payload":{"local_timestamp":1673353117656,"metric":{"epoch":null,"metricName":"sys.cpu.percent.10","metricValue":3.3,"step":null}},"type":"metric_msg"}
{"payload":{"local_timestamp":1673353117656,"metric":{"epoch":null,"metricName":"sys.cpu.percent.11","metricValue":0.6,"step":null}},"type":"metric_msg"}
{"payload":{"local_timestamp":1673353117656,"metric":{"epoch":null,"metricName":"sys.cpu.percent.12","metricValue":2.7,"step":null}},"type":"metric_msg"}
{"payload":{"local_timestamp":1673353117656,"metric":{"epoch":null,"metricName":"sys.cpu.percent.13","metricValue":0.0,"step":null}},"type":"metric_msg"}
{"payload":{"local_timestamp":1673353117656,"metric":{"epoch":null,"metricName":"sys.cpu.percent.14","metricValue":2.7,"step":null}},"type":"metric_msg"}
{"payload":{"local_timestamp":1673353117656,"metric":{"epoch":null,"metricName":"sys.cpu.percent.15","metricValue":0.0,"step":null}},"type":"metric_msg"}
{"payload":{"local_timestamp":1673353117656,"metric":{"epoch":null,"metricName":"sys.cpu.percent.16","metricValue":6.3,"step":null}},"type":"metric_msg"}
{"payload":{"local_timestamp":1673353117656,"metric":{"epoch":null,"metricName":"sys.cpu.percent.17","metricValue":0.0,"step":null}},"type":"metric_msg"}
{"payload":{"local_timestamp":1673353117656,"metric":{"epoch":null,"metricName":"sys.cpu.percent.18","metricValue":0.0,"step":null}},"type":"metric_msg"}
{"payload":{"local_timestamp":1673353117656,"metric":{"epoch":null,"metricName":"sys.cpu.percent.19","metricValue":1.2,"step":null}},"type":"metric_msg"}
{"payload":{"local_timestamp":1673353117656,"metric":{"epoch":null,"metricName":"sys.cpu.percent.20","metricValue":0.0,"step":null}},"type":"metric_msg"}
{"payload":{"local_timestamp":1673353117656,"metric":{"epoch":null,"metricName":"sys.cpu.percent.21","metricValue":0.0,"step":null}},"type":"metric_msg"}
{"payload":{"local_timestamp":1673353117656,"metric":{"epoch":null,"metricName":"sys.cpu.percent.22","metricValue":0.0,"step":null}},"type":"metric_msg"}
{"payload":{"local_timestamp":1673353117656,"metric":{"epoch":null,"metricName":"sys.cpu.percent.23","metricValue":8.6,"step":null}},"type":"metric_msg"}
{"payload":{"local_timestamp":1673353117656,"metric":{"epoch":null,"metricName":"sys.cpu.percent.24","metricValue":17.8,"step":null}},"type":"metric_msg"}
{"payload":{"local_timestamp":1673353117656,"metric":{"epoch":null,"metricName":"sys.load.avg","metricValue":0.08642578125,"step":null}},"type":"metric_msg"}
{"payload":{"local_timestamp":1673353117656,"metric":{"epoch":null,"metricName":"sys.ram.total","metricValue":33543438336,"step":null}},"type":"metric_msg"}
{"payload":{"local_timestamp":1673353117656,"metric":{"epoch":null,"metricName":"sys.ram.used","metricValue":782741504,"step":null}},"type":"metric_msg"}
{"payload":{"local_timestamp":1673353117668,"metric":{"epoch":null,"metricName":"sys.gpu.0.free_memory","metricValue":24453402624,"step":null}},"type":"metric_msg"}
{"payload":{"local_timestamp":1673353117668,"metric":{"epoch":null,"metricName":"sys.gpu.0.gpu_utilization","metricValue":1,"step":null}},"type":"metric_msg"}
{"payload":{"local_timestamp":1673353117668,"metric":{"epoch":null,"metricName":"sys.gpu.0.power_usage","metricValue":14345,"step":null}},"type":"metric_msg"}
{"payload":{"local_timestamp":1673353117668,"metric":{"epoch":null,"metricName":"sys.gpu.0.temperature","metricValue":31,"step":null}},"type":"metric_msg"}
{"payload":{"local_timestamp":1673353117668,"metric":{"epoch":null,"metricName":"sys.gpu.0.used_memory","metricValue":1303818240,"step":null}},"type":"metric_msg"}
{"payload":{"additional_params":{"assetId":"635b4c9dff2944d3a9413f54b0a7108f","context":null,"extension":"yaml","fileName":"halimeda.yaml","overwrite":false,"runId":null,"step":null},"clean":true,"file_path":"tmpoq90kiae","local_timestamp":1673353117675,"metadata":{"type":"data-config-file"},"upload_type":"asset"},"type":"file_upload"}
{"payload":{"local_timestamp":1673353117725,"stderr":true,"stdout":"\nDataset not found \u26a0\ufe0f, missing paths ['/mnt/c/Users/haddo/yolov5/datasets/halimeda/images/temp_val']\n"},"type":"ws_msg"}
{"payload":{"local_timestamp":1673353117725,"stderr":true,"stdout":"Traceback (most recent call last):\n  File \"train.py\", line 667, in <module>\n"},"type":"ws_msg"}
{"payload":{"local_timestamp":1673353117728,"stderr":true,"stdout":"    main(opt)\n  File \"train.py\", line 561, in main\n"},"type":"ws_msg"}
{"payload":{"local_timestamp":1673353117730,"stderr":true,"stdout":"    train(opt.hyp, opt, device, callbacks)\n  File \"train.py\", line 129, in train\n"},"type":"ws_msg"}
{"payload":{"local_timestamp":1673353117732,"stderr":true,"stdout":"    loggers = Loggers(save_dir, weights, opt, hyp, LOGGER)  # loggers instance\n  File \"/mnt/c/Users/haddo/yolov5/utils/loggers/__init__.py\", line 139, in __init__\n"},"type":"ws_msg"}
{"payload":{"local_timestamp":1673353117735,"stderr":true,"stdout":"    self.comet_logger = CometLogger(self.opt, self.hyp)\n  File \"/mnt/c/Users/haddo/yolov5/utils/loggers/comet/__init__.py\", line 97, in __init__\n"},"type":"ws_msg"}
{"payload":{"local_timestamp":1673353117739,"stderr":true,"stdout":"    self.data_dict = self.check_dataset(self.opt.data)\n  File \"/mnt/c/Users/haddo/yolov5/utils/loggers/comet/__init__.py\", line 242, in check_dataset\n"},"type":"ws_msg"}
{"payload":{"local_timestamp":1673353117742,"stderr":true,"stdout":"    return check_dataset(data_file)\n  File \"/mnt/c/Users/haddo/yolov5/utils/general.py\", line 542, in check_dataset\n"},"type":"ws_msg"}
{"payload":{"local_timestamp":1673353117745,"stderr":true,"stdout":"    raise Exception('Dataset not found \u274c')\nException"},"type":"ws_msg"}
{"payload":{"local_timestamp":1673353117745,"stderr":true,"stdout":": Dataset not found \u274c\n"},"type":"ws_msg"}
{"payload":{"additional_params":{"assetId":"ea8a654aac00402cbdae56b9f23b0632","context":null,"epoch":null,"extension":"yml","fileName":"conda-environment.yml","overwrite":false,"runId":null,"step":null,"type":"conda-environment-definition"},"clean":true,"file_path":"tmp4vjv23rv","local_timestamp":1673353118771,"metadata":{},"upload_type":"conda-environment-definition"},"type":"file_upload"}
{"payload":{"additional_params":{"assetId":"9cc47a7ebf8247d0b7e3f8534b3aaa88","context":null,"epoch":null,"extension":"txt","fileName":"conda-spec.txt","overwrite":false,"runId":null,"step":null,"type":"conda-specification"},"clean":true,"file_path":"tmp72jq_3t0","local_timestamp":1673353119002,"metadata":{},"upload_type":"conda-specification"},"type":"file_upload"}
{"payload":{"additional_params":{"assetId":"289683b11e8a4e27945758048c5c4915","context":null,"epoch":null,"extension":"yml","fileName":"conda-info.yml","overwrite":false,"runId":null,"step":null,"type":"conda-info"},"clean":true,"file_path":"tmpmekkw6v6","local_timestamp":1673353119318,"metadata":{},"upload_type":"conda-info"},"type":"file_upload"}
{"payload":{"local_timestamp":1673353119317,"stderr":true,"stdout":"COMET INFO: ----------------------------------\nCOMET INFO: Comet.ml OfflineExperiment Summary\nCOMET INFO: ----------------------------------\n"},"type":"ws_msg"}
{"payload":{"local_timestamp":1673353119317,"stderr":true,"stdout":"COMET INFO:   Data:\nCOMET INFO:     display_summary_level : 1\nCOMET INFO:     url                   : [OfflineExperiment will get URL after upload]\nCOMET INFO:   Others:\n"},"type":"ws_msg"}
{"payload":{"local_timestamp":1673353119317,"stderr":true,"stdout":"COMET INFO:     offline_experiment : True\n"},"type":"ws_msg"}
{"payload":{"local_timestamp":1673353119317,"stderr":true,"stdout":"COMET INFO:   Uploads:\n"},"type":"ws_msg"}
{"payload":{"local_timestamp":1673353119317,"stderr":true,"stdout":"COMET INFO:     asset                        : 1 (879 bytes)\n"},"type":"ws_msg"}
{"payload":{"local_timestamp":1673353119317,"stderr":true,"stdout":"COMET INFO:     conda-environment-definition : 1\n"},"type":"ws_msg"}
{"payload":{"local_timestamp":1673353119318,"stderr":true,"stdout":"COMET INFO:     conda-info                   : 1\n"},"type":"ws_msg"}
{"payload":{"local_timestamp":1673353119318,"stderr":true,"stdout":"COMET INFO:     conda-specification          : 1\n"},"type":"ws_msg"}
{"payload":{"local_timestamp":1673353119318,"stderr":true,"stdout":"COMET INFO:     environment details          : 1\n"},"type":"ws_msg"}
{"payload":{"local_timestamp":1673353119318,"log_other":{"key":"sys.already_imported_modules","val":"[\"torch\", \"tensorboard\"]"}},"type":"ws_msg"}
{"payload":{"local_timestamp":1673353119318,"stderr":true,"stdout":"COMET INFO:     installed packages           : 1\n"},"type":"ws_msg"}
{"payload":{"local_timestamp":1673353119318,"stderr":true,"stdout":"COMET INFO:     os packages                  : 1\n"},"type":"ws_msg"}
{"payload":{"local_timestamp":1673353119318,"stderr":true,"stdout":"COMET INFO: ----------------------------------\n"},"type":"ws_msg"}
{"payload":{"local_timestamp":1673353119318,"stderr":true,"stdout":"COMET WARNING: Experiment Name is generated at upload time for Offline Experiments unless set explicitly with Experiment.set_name\n"},"type":"ws_msg"}
{"payload":{"local_timestamp":1673353119318,"stderr":true,"stdout":"COMET WARNING: Comet has disabled auto-logging functionality as it has been imported after the following ML modules: torch, tensorboard. Metrics and hyperparameters can still be logged using Experiment.log_metrics() and Experiment.log_parameters()\n"},"type":"ws_msg"}
