{"payload":{"installed_packages":["absl-py==1.3.0","asttokens==2.2.1","attrs==22.2.0","backcall==0.2.0","cachetools==5.2.0","certifi==2022.12.7","charset-normalizer==2.1.1","comet-ml==3.31.21","configobj==5.0.6","contourpy==1.0.6","cycler==0.11.0","decorator==5.1.1","dulwich==0.20.50","everett==3.1.0","executing==1.2.0","fonttools==4.38.0","gitdb==4.0.10","gitpython==3.1.29","google-auth-oauthlib==0.4.6","google-auth==2.15.0","grpcio==1.51.1","idna==3.4","importlib-metadata==5.2.0","importlib-resources==5.10.2","ipython==8.7.0","jedi==0.18.2","jsonschema==4.17.3","kiwisolver==1.4.4","markdown==3.4.1","markupsafe==2.1.1","matplotlib-inline==0.1.6","matplotlib==3.6.2","numpy==1.24.0","nvidia-cublas-cu11==11.10.3.66","nvidia-cuda-nvrtc-cu11==11.7.99","nvidia-cuda-runtime-cu11==11.7.99","nvidia-cudnn-cu11==8.5.0.96","oauthlib==3.2.2","opencv-python==4.6.0.66","packaging==22.0","pandas==1.5.2","parso==0.8.3","pexpect==4.8.0","pickleshare==0.7.5","pillow==9.3.0","pip==22.3.1","pkgutil-resolve-name==1.3.10","prompt-toolkit==3.0.36","protobuf==3.20.3","psutil==5.9.4","ptyprocess==0.7.0","pure-eval==0.2.2","pyasn1-modules==0.2.8","pyasn1==0.4.8","pygments==2.13.0","pyparsing==3.0.9","pyrsistent==0.19.3","python-dateutil==2.8.2","pytz==2022.7","pyyaml==6.0","requests-oauthlib==1.3.1","requests-toolbelt==0.10.1","requests==2.28.1","rsa==4.9","scipy==1.9.3","seaborn==0.12.1","semantic-version==2.10.0","sentry-sdk==1.12.1","setuptools==65.5.0","simplejson==3.18.1","six==1.16.0","smmap==5.0.0","stack-data==0.6.2","tensorboard-data-server==0.6.1","tensorboard-plugin-wit==1.8.1","tensorboard==2.11.0","thop==0.1.1.post2209072238","torch==1.13.1","torchvision==0.14.1","tqdm==4.64.1","traitlets==5.8.0","typing-extensions==4.4.0","urllib3==1.26.13","wcwidth==0.2.5","websocket-client==1.3.3","werkzeug==2.2.2","wheel==0.37.1","wrapt==1.14.1","wurlitzer==3.0.3","zipp==3.11.0"],"local_timestamp":1673272413193},"type":"ws_msg"}
{"payload":{"local_timestamp":1673272413200,"os_packages":["adduser=3.118ubuntu5","adwaita-icon-theme=41.0-1ubuntu1","alsa-topology-conf=1.2.5.1-2","alsa-ucm-conf=1.2.6.3-1ubuntu1.1","apparmor=3.0.4-2ubuntu2.1","apport-symptoms=0.24","apport=2.20.11-0ubuntu82.1","apt-utils=2.4.8","apt=2.4.8","at-spi2-core=2.44.0-3","base-files=12ubuntu4.2","base-passwd=3.5.52build1","bash-completion=1:2.11-5ubuntu1","bash=5.1-6ubuntu1","bind9-dnsutils=1:9.18.1-1ubuntu1.2","bind9-host=1:9.18.1-1ubuntu1.2","bind9-libs=1:9.18.1-1ubuntu1.2","binutils-common=2.38-4ubuntu2","binutils-x86-64-linux-gnu=2.38-4ubuntu2","binutils=2.38-4ubuntu2","bsdextrautils=2.37.2-4ubuntu3","bsdutils=1:2.37.2-4ubuntu3","build-essential=12.9ubuntu3","busybox-static=1:1.30.1-7ubuntu3","byobu=5.133-1","bzip2=1.0.8-5build1","ca-certificates-java=20190909","ca-certificates=20211016","command-not-found=22.04.0","console-setup-linux=1.205ubuntu3","console-setup=1.205ubuntu3","coreutils=8.32-4.1ubuntu1","cpio=2.13+dfsg-7","cpp-11=11.3.0-1ubuntu1~22.04","cpp=4:11.2.0-1ubuntu1","cron=3.0pl1-137ubuntu3","cuda-12-0=12.0.0-1","cuda-cccl-12-0=12.0.90-1","cuda-command-line-tools-12-0=12.0.0-1","cuda-compiler-12-0=12.0.0-1","cuda-cudart-12-0=12.0.107-1","cuda-cudart-dev-12-0=12.0.107-1","cuda-cuobjdump-12-0=12.0.76-1","cuda-cupti-12-0=12.0.90-1","cuda-cupti-dev-12-0=12.0.90-1","cuda-cuxxfilt-12-0=12.0.76-1","cuda-demo-suite-12-0=12.0.76-1","cuda-documentation-12-0=12.0.76-1","cuda-driver-dev-12-0=12.0.107-1","cuda-gdb-12-0=12.0.90-1","cuda-libraries-12-0=12.0.0-1","cuda-libraries-dev-12-0=12.0.0-1","cuda-nsight-12-0=12.0.78-1","cuda-nsight-compute-12-0=12.0.0-1","cuda-nsight-systems-12-0=12.0.0-1","cuda-nvcc-12-0=12.0.76-1","cuda-nvdisasm-12-0=12.0.76-1","cuda-nvml-dev-12-0=12.0.76-1","cuda-nvprof-12-0=12.0.90-1","cuda-nvprune-12-0=12.0.76-1","cuda-nvrtc-12-0=12.0.76-1","cuda-nvrtc-dev-12-0=12.0.76-1","cuda-nvtx-12-0=12.0.76-1","cuda-nvvp-12-0=12.0.90-1","cuda-opencl-12-0=12.0.76-1","cuda-opencl-dev-12-0=12.0.76-1","cuda-profiler-api-12-0=12.0.76-1","cuda-repo-wsl-ubuntu-12-0-local=12.0.0-1","cuda-runtime-12-0=12.0.0-1","cuda-sanitizer-12-0=12.0.90-1","cuda-toolkit-12-0-config-common=12.0.107-1","cuda-toolkit-12-0=12.0.0-1","cuda-toolkit-12-config-common=12.0.107-1","cuda-toolkit-config-common=12.0.107-1","cuda-tools-12-0=12.0.0-1","cuda-visual-tools-12-0=12.0.0-1","cuda=12.0.0-1","curl=7.81.0-1ubuntu1.4","dash=0.5.11+git20210903+057cd650a4ed-3build1","dbus-x11=1.12.20-2ubuntu4","dbus=1.12.20-2ubuntu4","dconf-gsettings-backend=0.40.0-3","dconf-service=0.40.0-3","debconf-i18n=1.5.79ubuntu1","debconf=1.5.79ubuntu1","debianutils=5.5-1ubuntu2","default-jre-headless=2:1.11-72build2","default-jre=2:1.11-72build2","diffutils=1:3.8-0ubuntu2","dirmngr=2.2.27-3ubuntu2.1","distro-info-data=0.52ubuntu0.1","distro-info=1.1build1","dmidecode=3.3-3ubuntu0.1","dmsetup=2:1.02.175-2.1ubuntu4","dosfstools=4.2-1build3","dpkg-dev=1.21.1ubuntu2.1","dpkg=1.21.1ubuntu2.1","e2fsprogs=1.46.5-2ubuntu1.1","ed=1.18-1","eject=2.37.2-4ubuntu3","fakeroot=1.28-1ubuntu1","file=1:5.41-3","findutils=4.8.0-1ubuntu3","fontconfig-config=2.13.1-4.2ubuntu5","fontconfig=2.13.1-4.2ubuntu5","fonts-dejavu-core=2.37-2build1","fonts-dejavu-extra=2.37-2build1","fonts-ubuntu=0.83-6ubuntu1","friendly-recovery=0.2.42","ftp=20210827-4build1","fuse3=3.10.5-1build1","g++-11=11.3.0-1ubuntu1~22.04","g++=4:11.2.0-1ubuntu1","gawk=1:5.1.0-1build3","gcc-11-base=11.3.0-1ubuntu1~22.04","gcc-11=11.3.0-1ubuntu1~22.04","gcc-12-base=12.1.0-2ubuntu1~22.04","gcc=4:11.2.0-1ubuntu1","gds-tools-12-0=1.5.0.59-1","gettext-base=0.21-4ubuntu4","gir1.2-atk-1.0=2.36.0-3build1","gir1.2-freedesktop=1.72.0-1","gir1.2-gdkpixbuf-2.0=2.42.8+dfsg-1ubuntu0.2","gir1.2-glib-2.0=1.72.0-1","gir1.2-gtk-3.0=3.24.33-1ubuntu2","gir1.2-harfbuzz-0.0=2.7.4-1ubuntu3.1","gir1.2-keybinder-3.0=0.3.2-1.1","gir1.2-notify-0.7=0.7.9-3ubuntu5.22.04.1","gir1.2-packagekitglib-1.0=1.2.5-2ubuntu2","gir1.2-pango-1.0=1.50.6+ds-2","gir1.2-vte-2.91=0.68.0-1","git-man=1:2.34.1-1ubuntu1.5","git=1:2.34.1-1ubuntu1.5","gnupg-l10n=2.2.27-3ubuntu2.1","gnupg-utils=2.2.27-3ubuntu2.1","gnupg=2.2.27-3ubuntu2.1","gpg-agent=2.2.27-3ubuntu2.1","gpg-wks-client=2.2.27-3ubuntu2.1","gpg-wks-server=2.2.27-3ubuntu2.1","gpg=2.2.27-3ubuntu2.1","gpgconf=2.2.27-3ubuntu2.1","gpgsm=2.2.27-3ubuntu2.1","gpgv=2.2.27-3ubuntu2.1","grep=3.7-1build1","groff-base=1.22.4-8build1","gsettings-desktop-schemas=42.0-1ubuntu1","gtk-update-icon-cache=3.24.33-1ubuntu2","gzip=1.10-4ubuntu4.1","hdparm=9.60+ds-1build3","hicolor-icon-theme=0.17-2","hostname=3.23ubuntu2","htop=3.0.5-7build2","humanity-icon-theme=0.6.16","info=6.8-4build1","init-system-helpers=1.62","init=1.62","install-info=6.8-4build1","iproute2=5.15.0-1ubuntu2","iptables=1.8.7-1ubuntu5","iputils-ping=3:20211215-1","iputils-tracepath=3:20211215-1","irqbalance=1.8.0-1build1","isc-dhcp-client=4.4.1-2.3ubuntu2.3","isc-dhcp-common=4.4.1-2.3ubuntu2.3","iso-codes=4.9.0-1","java-common=0.72build2","javascript-common=11+nmu1","kbd=2.3.0-3ubuntu4","keyboard-configuration=1.205ubuntu3","kmod=29-1ubuntu1","less=590-1build1","libaccinj64-11.5=11.5.114~11.5.1-1ubuntu1","libacl1=2.3.1-1","libalgorithm-diff-perl=1.201-1","libalgorithm-diff-xs-perl=0.04-6build3","libalgorithm-merge-perl=0.08-3","libapparmor1=3.0.4-2ubuntu2.1","libappstream4=0.15.2-2","libapt-pkg6.0=2.4.8","libargon2-1=0~20171227-0.3","libasan6=11.3.0-1ubuntu1~22.04","libasound2-data=1.2.6.1-1ubuntu1","libasound2=1.2.6.1-1ubuntu1","libassuan0=2.5.5-1build1","libasyncns0=0.8-6build2","libatk-bridge2.0-0=2.38.0-3","libatk-wrapper-java-jni=0.38.0-5build1","libatk-wrapper-java=0.38.0-5build1","libatk1.0-0=2.36.0-3build1","libatk1.0-data=2.36.0-3build1","libatm1=1:2.5.1-4build2","libatomic1=12.1.0-2ubuntu1~22.04","libatspi2.0-0=2.44.0-3","libattr1=1:2.5.1-1build1","libaudit-common=1:3.0.7-1build1","libaudit1=1:3.0.7-1build1","libauthen-sasl-perl=2.1600-1.1","libavahi-client3=0.8-5ubuntu5","libavahi-common-data=0.8-5ubuntu5","libavahi-common3=0.8-5ubuntu5","libbabeltrace1=1.5.8-2build1","libbinutils=2.38-4ubuntu2","libblkid1=2.37.2-4ubuntu3","libboost-regex1.74.0=1.74.0-14ubuntu3","libbpf0=1:0.5.0-1","libbrotli1=1.0.9-2build6","libbsd0=0.11.5-1","libbz2-1.0=1.0.8-5build1","libc-bin=2.35-0ubuntu3.1","libc-dev-bin=2.35-0ubuntu3.1","libc-devtools=2.35-0ubuntu3.1","libc6-dev=2.35-0ubuntu3.1","libc6=2.35-0ubuntu3.1","libcairo-gobject2=1.16.0-5ubuntu2","libcairo2=1.16.0-5ubuntu2","libcap-ng0=0.7.9-2.2build3","libcap2-bin=1:2.44-1build3","libcap2=1:2.44-1build3","libcbor0.8=0.8.0-2ubuntu1","libcc1-0=12.1.0-2ubuntu1~22.04","libclone-perl=0.45-1build3","libcolord2=1.4.6-1","libcom-err2=1.46.5-2ubuntu1.1","libcrypt-dev=1:4.4.27-1","libcrypt1=1:4.4.27-1","libcryptsetup12=2:2.4.3-1ubuntu1.1","libctf-nobfd0=2.38-4ubuntu2","libctf0=2.38-4ubuntu2","libcub-dev=1.15.0-3","libcublas-12-0=12.0.1.189-1","libcublas-dev-12-0=12.0.1.189-1","libcublas11=11.7.4.6~11.5.1-1ubuntu1","libcublaslt11=11.7.4.6~11.5.1-1ubuntu1","libcudart11.0=11.5.117~11.5.1-1ubuntu1","libcufft-12-0=11.0.0.21-1","libcufft-dev-12-0=11.0.0.21-1","libcufft10=11.1.1+~10.6.0.107~11.5.1-1ubuntu1","libcufftw10=11.1.1+~10.6.0.107~11.5.1-1ubuntu1","libcufile-12-0=1.5.0.59-1","libcufile-dev-12-0=1.5.0.59-1","libcuinj64-11.5=11.5.114~11.5.1-1ubuntu1","libcups2=2.4.1op1-1ubuntu4.1","libcupti-dev=11.5.114~11.5.1-1ubuntu1","libcupti-doc=11.5.114~11.5.1-1ubuntu1","libcupti11.5=11.5.114~11.5.1-1ubuntu1","libcurand-12-0=10.3.1.50-1","libcurand-dev-12-0=10.3.1.50-1","libcurand10=11.1.1+~10.2.7.107~11.5.1-1ubuntu1","libcurl3-gnutls=7.81.0-1ubuntu1.4","libcurl4=7.81.0-1ubuntu1.4","libcusolver-12-0=11.4.2.57-1","libcusolver-dev-12-0=11.4.2.57-1","libcusolver11=11.3.2.107~11.5.1-1ubuntu1","libcusolvermg11=11.3.2.107~11.5.1-1ubuntu1","libcusparse-12-0=12.0.0.76-1","libcusparse-dev-12-0=12.0.0.76-1","libcusparse11=11.7.0.107~11.5.1-1ubuntu1","libdata-dump-perl=1.25-1","libdatrie1=0.2.13-2","libdb5.3=5.3.28+dfsg1-0.8ubuntu3","libdbus-1-3=1.12.20-2ubuntu4","libdconf1=0.40.0-3","libdebconfclient0=0.261ubuntu1","libdebuginfod-common=0.186-1build1","libdebuginfod1=0.186-1build1","libdeflate0=1.10-2","libdevmapper1.02.1=2:1.02.175-2.1ubuntu4","libdns-export1110=1:9.11.19+dfsg-2.1ubuntu3","libdpkg-perl=1.21.1ubuntu2.1","libdrm-amdgpu1=2.4.110-1ubuntu1","libdrm-common=2.4.110-1ubuntu1","libdrm-intel1=2.4.110-1ubuntu1","libdrm-nouveau2=2.4.110-1ubuntu1","libdrm-radeon1=2.4.110-1ubuntu1","libdrm2=2.4.110-1ubuntu1","libdw1=0.186-1build1","libedit2=3.1-20210910-1build1","libegl-dev=1.4.0-1","libegl-mesa0=22.0.5-0ubuntu0.1","libegl1-mesa=22.0.5-0ubuntu0.1","libegl1=1.4.0-1","libelf1=0.186-1build1","libencode-locale-perl=1.05-1.1","libepoxy0=1.5.10-1","liberror-perl=0.17029-1","libestr0=0.1.10-2.1build3","libevent-core-2.1-7=2.1.12-stable-1build3","libexpat1=2.4.7-1","libext2fs2=1.46.5-2ubuntu1.1","libfakeroot=1.28-1ubuntu1","libfastjson4=0.99.9-1build2","libffi8=3.4.2-4","libfido2-1=1.10.0-1","libfile-basedir-perl=0.09-1","libfile-desktopentry-perl=0.22-2","libfile-fcntllock-perl=0.22-3build7","libfile-listing-perl=6.14-1","libfile-mimeinfo-perl=0.31-1","libflac8=1.3.3-2ubuntu0.1","libfont-afm-perl=1.20-3","libfontconfig1=2.13.1-4.2ubuntu5","libfontenc1=1:1.1.4-1build3","libfreetype6=2.11.1+dfsg-1ubuntu0.1","libfribidi0=1.0.8-2ubuntu3.1","libfuse3-3=3.10.5-1build1","libgail-common=2.24.33-2ubuntu2","libgail18=2.24.33-2ubuntu2","libgbm1=22.0.5-0ubuntu0.1","libgcc-11-dev=11.3.0-1ubuntu1~22.04","libgcc-s1=12.1.0-2ubuntu1~22.04","libgcrypt20=1.9.4-3ubuntu3","libgd3=2.3.0-2ubuntu2","libgdbm-compat4=1.23-1","libgdbm6=1.23-1","libgdk-pixbuf-2.0-0=2.42.8+dfsg-1ubuntu0.2","libgdk-pixbuf2.0-bin=2.42.8+dfsg-1ubuntu0.2","libgdk-pixbuf2.0-common=2.42.8+dfsg-1ubuntu0.2","libgif7=5.1.9-2build2","libgirepository-1.0-1=1.72.0-1","libgl-dev=1.4.0-1","libgl1-amber-dri=21.3.7-0ubuntu1","libgl1-mesa-dev=22.0.5-0ubuntu0.1","libgl1-mesa-dri=22.0.5-0ubuntu0.1","libgl1-mesa-glx=22.0.5-0ubuntu0.1","libgl1=1.4.0-1","libglapi-mesa=22.0.5-0ubuntu0.1","libgles-dev=1.4.0-1","libgles1=1.4.0-1","libgles2=1.4.0-1","libglib2.0-0=2.72.1-1","libglib2.0-bin=2.72.1-1","libglib2.0-data=2.72.1-1","libglvnd-core-dev=1.4.0-1","libglvnd-dev=1.4.0-1","libglvnd0=1.4.0-1","libglx-dev=1.4.0-1","libglx-mesa0=22.0.5-0ubuntu0.1","libglx0=1.4.0-1","libgmp10=2:6.2.1+dfsg-3ubuntu1","libgnutls30=3.7.3-4ubuntu1.1","libgomp1=12.1.0-2ubuntu1~22.04","libgpg-error0=1.43-3","libgpm2=1.20.7-10build1","libgraphite2-3=1.3.14-1build2","libgssapi-krb5-2=1.19.2-2","libgstreamer1.0-0=1.20.3-0ubuntu1","libgtk-3-0=3.24.33-1ubuntu2","libgtk-3-bin=3.24.33-1ubuntu2","libgtk-3-common=3.24.33-1ubuntu2","libgtk2.0-0=2.24.33-2ubuntu2","libgtk2.0-bin=2.24.33-2ubuntu2","libgtk2.0-common=2.24.33-2ubuntu2","libharfbuzz0b=2.7.4-1ubuntu3.1","libhogweed6=3.7.3-1build2","libhtml-form-perl=6.07-1","libhtml-format-perl=2.12-1.1","libhtml-parser-perl=3.76-1build2","libhtml-tagset-perl=3.20-4","libhtml-tree-perl=5.07-2","libhttp-cookies-perl=6.10-1","libhttp-daemon-perl=6.13-1ubuntu0.1","libhttp-date-perl=6.05-1","libhttp-message-perl=6.36-1","libhttp-negotiate-perl=6.01-1","libice6=2:1.0.10-1build2","libicu70=70.1-2","libidn2-0=2.3.2-2build1","libio-html-perl=1.004-2","libio-socket-ssl-perl=2.074-2","libio-stringy-perl=2.111-3","libip4tc2=1.8.7-1ubuntu5","libip6tc2=1.8.7-1ubuntu5","libipc-system-simple-perl=1.30-1","libipt2=2.0.5-1","libisc-export1105=1:9.11.19+dfsg-2.1ubuntu3","libisl23=0.24-2build1","libitm1=12.1.0-2ubuntu1~22.04","libjansson4=2.13.1-1.1build3","libjbig0=2.1-3.1ubuntu0.22.04.1","libjpeg-turbo8=2.1.2-0ubuntu1","libjpeg8=8c-2ubuntu10","libjs-jquery=3.6.0+dfsg+~3.5.13-1","libjson-c5=0.15-3~ubuntu1.22.04.1","libk5crypto3=1.19.2-2","libkeybinder-3.0-0=0.3.2-1.1","libkeyutils1=1.6.1-2ubuntu3","libkmod2=29-1ubuntu1","libkrb5-3=1.19.2-2","libkrb5support0=1.19.2-2","libksba8=1.6.0-2ubuntu0.1","liblcms2-2=2.12~rc1-2build2","libldap-2.5-0=2.5.13+dfsg-0ubuntu0.22.04.1","libldap-common=2.5.13+dfsg-0ubuntu0.22.04.1","libllvm13=1:13.0.1-2ubuntu2.1","liblmdb0=0.9.24-1build2","liblocale-gettext-perl=1.07-4build3","liblsan0=12.1.0-2ubuntu1~22.04","liblwp-mediatypes-perl=6.04-1","liblwp-protocol-https-perl=6.10-1","liblz4-1=1.9.3-2build2","liblzma5=5.2.5-2ubuntu1","liblzo2-2=2.10-2build3","libmagic-mgc=1:5.41-3","libmagic1=1:5.41-3","libmailtools-perl=2.21-1","libmaxminddb0=1.5.2-1build2","libmd0=1.0.4-1build1","libmnl0=1.0.4-3build2","libmount1=2.37.2-4ubuntu3","libmpc3=1.2.1-2build1","libmpdec3=2.5.1-2build2","libmpfr6=4.1.0-3build3","libncurses6=6.3-2","libncursesw6=6.3-2","libnet-dbus-perl=1.2.0-1build3","libnet-http-perl=6.22-1","libnet-smtp-ssl-perl=1.04-1","libnet-ssleay-perl=1.92-1build2","libnetfilter-conntrack3=1.0.9-1","libnetplan0=0.104-0ubuntu2.1","libnettle8=3.7.3-1build2","libnewt0.52=0.52.21-5ubuntu2","libnfnetlink0=1.0.1-3build3","libnftables1=1.0.2-1ubuntu3","libnftnl11=1.2.1-1build1","libnghttp2-14=1.43.0-1build3","libnl-3-200=3.5.0-0.1","libnl-genl-3-200=3.5.0-0.1","libnotify4=0.7.9-3ubuntu5.22.04.1","libnpp-12-0=12.0.0.30-1","libnpp-dev-12-0=12.0.0.30-1","libnppc11=11.5.1.107~11.5.1-1ubuntu1","libnppial11=11.5.1.107~11.5.1-1ubuntu1","libnppicc11=11.5.1.107~11.5.1-1ubuntu1","libnppidei11=11.5.1.107~11.5.1-1ubuntu1","libnppif11=11.5.1.107~11.5.1-1ubuntu1","libnppig11=11.5.1.107~11.5.1-1ubuntu1","libnppim11=11.5.1.107~11.5.1-1ubuntu1","libnppist11=11.5.1.107~11.5.1-1ubuntu1","libnppisu11=11.5.1.107~11.5.1-1ubuntu1","libnppitc11=11.5.1.107~11.5.1-1ubuntu1","libnpps11=11.5.1.107~11.5.1-1ubuntu1","libnpth0=1.6-3build2","libnsl-dev=1.3.0-2build2","libnsl2=1.3.0-2build2","libnspr4=2:4.32-3build1","libnss-systemd=249.11-0ubuntu3.6","libnss3=2:3.68.2-0ubuntu1.1","libntfs-3g89=1:2021.8.22-3ubuntu1.1","libnuma1=2.0.14-3ubuntu2","libnvblas11=11.7.4.6~11.5.1-1ubuntu1","libnvidia-compute-495=510.108.03-0ubuntu0.22.04.1","libnvidia-compute-510=510.108.03-0ubuntu0.22.04.1","libnvidia-ml-dev=11.5.50~11.5.1-1ubuntu1","libnvjitlink-12-0=12.0.76-1","libnvjitlink-dev-12-0=12.0.76-1","libnvjpeg-12-0=12.0.0.28-1","libnvjpeg-dev-12-0=12.0.0.28-1","libnvjpeg11=11.5.4.107~11.5.1-1ubuntu1","libnvrtc-builtins11.5=11.5.119~11.5.1-1ubuntu1","libnvrtc11.2=11.5.119~11.5.1-1ubuntu1","libnvtoolsext1=11.5.114~11.5.1-1ubuntu1","libnvvm-samples-12-0=12.0.94-1","libnvvm4=11.5.119~11.5.1-1ubuntu1","libogg0=1.3.5-0ubuntu3","libopengl-dev=1.4.0-1","libopengl0=1.4.0-1","libopus0=1.3.1-0.1build2","libp11-kit0=0.24.0-6build1","libpackagekit-glib2-18=1.2.5-2ubuntu2","libpam-cap=1:2.44-1build3","libpam-modules-bin=1.4.0-11ubuntu2","libpam-modules=1.4.0-11ubuntu2","libpam-runtime=1.4.0-11ubuntu2","libpam-systemd=249.11-0ubuntu3.6","libpam0g=1.4.0-11ubuntu2","libpango-1.0-0=1.50.6+ds-2","libpangocairo-1.0-0=1.50.6+ds-2","libpangoft2-1.0-0=1.50.6+ds-2","libpangoxft-1.0-0=1.50.6+ds-2","libparted2=3.4-2build1","libpcap0.8=1.10.1-4build1","libpci3=1:3.7.0-6","libpciaccess0=0.16-3","libpcre2-8-0=10.39-3ubuntu0.1","libpcre3=2:8.39-13ubuntu0.22.04.1","libpcsclite1=1.9.5-3","libperl5.34=5.34.0-3ubuntu1.1","libpipeline1=1.5.5-1","libpixman-1-0=0.40.0-1ubuntu0.22.04.1","libplymouth5=0.9.5+git20211018-1ubuntu3","libpng16-16=1.6.37-3build5","libpolkit-agent-1-0=0.105-33","libpolkit-gobject-1-0=0.105-33","libpopt0=1.18-3build1","libprocps8=2:3.3.17-6ubuntu2","libpsl5=0.21.0-1.2build2","libpthread-stubs0-dev=0.4-1build2","libpulse0=1:15.99.1+dfsg1-1ubuntu2","libpython3-stdlib=3.10.6-1~22.04","libpython3.10-minimal=3.10.6-1~22.04","libpython3.10-stdlib=3.10.6-1~22.04","libpython3.10=3.10.6-1~22.04","libquadmath0=12.1.0-2ubuntu1~22.04","libreadline8=8.1.2-1","librsvg2-2=2.52.5+dfsg-3","librsvg2-common=2.52.5+dfsg-3","librtmp1=2.4+20151223.gitfa8646d.1-2build4","libsasl2-2=2.1.27+dfsg2-3ubuntu1","libsasl2-modules-db=2.1.27+dfsg2-3ubuntu1","libsasl2-modules=2.1.27+dfsg2-3ubuntu1","libseccomp2=2.5.3-2ubuntu2","libselinux1=3.3-1build2","libsemanage-common=3.3-1build2","libsemanage2=3.3-1build2","libsensors-config=1:3.6.0-7ubuntu1","libsensors5=1:3.6.0-7ubuntu1","libsepol2=3.3-1build1","libsigsegv2=2.13-1ubuntu3","libslang2=2.3.2-5build4","libsm6=2:1.2.3-1build2","libsmartcols1=2.37.2-4ubuntu3","libsndfile1=1.0.31-2build1","libsodium23=1.0.18-1build2","libsource-highlight-common=3.1.9-4.1build2","libsource-highlight4v5=3.1.9-4.1build2","libsqlite3-0=3.37.2-2","libss2=1.46.5-2ubuntu1.1","libssh-4=0.9.6-2build1","libssl3=3.0.2-0ubuntu1.6","libstdc++-11-dev=11.3.0-1ubuntu1~22.04","libstdc++6=12.1.0-2ubuntu1~22.04","libstemmer0d=2.2.0-1build1","libsystemd0=249.11-0ubuntu3.6","libtasn1-6=4.18.0-4build1","libtbb-dev=2021.5.0-7ubuntu2","libtbb12=2021.5.0-7ubuntu2","libtbbmalloc2=2021.5.0-7ubuntu2","libtext-charwidth-perl=0.04-10build3","libtext-iconv-perl=1.7-7build3","libtext-wrapi18n-perl=0.06-9","libthai-data=0.1.29-1build1","libthai0=0.1.29-1build1","libthrust-dev=1.15.0-1","libtie-ixhash-perl=1.23-2.1","libtiff5=4.3.0-6ubuntu0.3","libtimedate-perl=2.3300-2","libtinfo5=6.3-2","libtinfo6=6.3-2","libtirpc-common=1.3.2-2ubuntu0.1","libtirpc-dev=1.3.2-2ubuntu0.1","libtirpc3=1.3.2-2ubuntu0.1","libtry-tiny-perl=0.31-1","libtsan0=11.3.0-1ubuntu1~22.04","libubsan1=12.1.0-2ubuntu1~22.04","libuchardet0=0.0.7-1build2","libudev1=249.11-0ubuntu3.6","libunistring2=1.0-1","libunwind8=1.3.2-2build2","liburi-perl=5.10-1","libusb-1.0-0=2:1.0.25-1ubuntu2","libutempter0=1.2.1-2build2","libuuid1=2.37.2-4ubuntu3","libuv1=1.43.0-1","libvdpau-dev=1.4-3build2","libvdpau1=1.4-3build2","libvorbis0a=1.3.7-1build2","libvorbisenc2=1.3.7-1build2","libvte-2.91-0=0.68.0-1","libvte-2.91-common=0.68.0-1","libvulkan1=1.3.204.1-2","libwayland-client0=1.20.0-1ubuntu0.1","libwayland-cursor0=1.20.0-1ubuntu0.1","libwayland-egl1=1.20.0-1ubuntu0.1","libwayland-server0=1.20.0-1ubuntu0.1","libwebp7=1.2.2-2","libwww-perl=6.61-1","libwww-robotrules-perl=6.02-1","libx11-6=2:1.7.5-1","libx11-data=2:1.7.5-1","libx11-dev=2:1.7.5-1","libx11-protocol-perl=0.56-7.1","libx11-xcb1=2:1.7.5-1","libxau-dev=1:1.0.9-1build5","libxau6=1:1.0.9-1build5","libxaw7=2:1.0.14-1","libxcb-dri2-0=1.14-3ubuntu3","libxcb-dri3-0=1.14-3ubuntu3","libxcb-glx0=1.14-3ubuntu3","libxcb-icccm4=0.4.1-1.1build2","libxcb-image0=0.4.0-2","libxcb-keysyms1=0.4.0-1build3","libxcb-present0=1.14-3ubuntu3","libxcb-randr0=1.14-3ubuntu3","libxcb-render-util0=0.3.9-1build3","libxcb-render0=1.14-3ubuntu3","libxcb-shape0=1.14-3ubuntu3","libxcb-shm0=1.14-3ubuntu3","libxcb-sync1=1.14-3ubuntu3","libxcb-util1=0.4.0-1build2","libxcb-xfixes0=1.14-3ubuntu3","libxcb-xinerama0=1.14-3ubuntu3","libxcb-xinput0=1.14-3ubuntu3","libxcb-xkb1=1.14-3ubuntu3","libxcb1-dev=1.14-3ubuntu3","libxcb1=1.14-3ubuntu3","libxcomposite1=1:0.4.5-1build2","libxcursor1=1:1.2.0-2build4","libxdamage1=1:1.1.5-2build2","libxdmcp-dev=1:1.1.3-0ubuntu5","libxdmcp6=1:1.1.3-0ubuntu5","libxext6=2:1.3.4-1build1","libxfixes3=1:6.0.0-1","libxft2=2.3.4-1","libxi6=2:1.8-1build1","libxinerama1=2:1.1.4-3","libxkbcommon-x11-0=1.4.0-1","libxkbcommon0=1.4.0-1","libxkbfile1=1:1.1.0-1build3","libxml-parser-perl=2.46-3build1","libxml-twig-perl=1:3.52-1","libxml-xpathengine-perl=0.14-1","libxml2=2.9.13+dfsg-1ubuntu0.1","libxmlb2=0.3.6-2build1","libxmu6=2:1.1.3-3","libxmuu1=2:1.1.3-3","libxpm4=1:3.5.12-1build2","libxrandr2=2:1.5.2-1build1","libxrender1=1:0.9.10-1build4","libxshmfence1=1.3-1build4","libxss1=1:1.2.3-1build2","libxt6=1:1.2.1-1","libxtables12=1.8.7-1ubuntu5","libxtst6=2:1.2.3-1build4","libxv1=2:1.0.11-1build2","libxxf86dga1=2:1.1.5-0ubuntu3","libxxf86vm1=1:1.1.4-1build3","libxxhash0=0.8.1-1","libyaml-0-2=0.2.2-1build2","libzstd1=1.4.8+dfsg-3build1","linux-libc-dev=5.15.0-56.62","locales=2.35-0ubuntu3.1","login=1:4.8.1-2ubuntu2","logrotate=3.19.0-1ubuntu1.1","logsave=1.46.5-2ubuntu1.1","lsb-base=11.1.0ubuntu4","lsb-release=11.1.0ubuntu4","lshw=02.19.git.2021.06.19.996aaad9c7-2build1","lsof=4.93.2+dfsg-1.1build2","lto-disabled-list=24","make=4.3-4.1build1","man-db=2.10.2-1","manpages-dev=5.10-1ubuntu1","manpages=5.10-1ubuntu1","mawk=1.3.4.20200120-3","media-types=7.0.0","mesa-vdpau-drivers=22.0.5-0ubuntu0.1","mesa-vulkan-drivers=22.0.5-0ubuntu0.1","motd-news-config=12ubuntu4.2","mount=2.37.2-4ubuntu3","mtr-tiny=0.95-1","nano=6.2-1","ncurses-base=6.3-2","ncurses-bin=6.3-2","netbase=6.3","netcat-openbsd=1.218-4ubuntu1","netplan.io=0.104-0ubuntu2.1","networkd-dispatcher=2.1-2ubuntu0.22.04.2","nftables=1.0.2-1ubuntu3","node-html5shiv=3.7.3+dfsg-4","nsight-compute-2022.4.0=2022.4.0.15-1","nsight-systems-2022.4.2=2022.4.2.18-32044700v0","ntfs-3g=1:2021.8.22-3ubuntu1.1","nvidia-cuda-dev=11.5.1-1ubuntu1","nvidia-cuda-gdb=11.5.114~11.5.1-1ubuntu1","nvidia-cuda-toolkit-doc=11.5.1-1ubuntu1","nvidia-cuda-toolkit=11.5.1-1ubuntu1","nvidia-opencl-dev=11.5.1-1ubuntu1","nvidia-profiler=11.5.114~11.5.1-1ubuntu1","nvidia-visual-profiler=11.5.114~11.5.1-1ubuntu1","ocl-icd-libopencl1=2.2.14-3","ocl-icd-opencl-dev=2.2.14-3","opencl-c-headers=3.0~2022.01.04-1","opencl-clhpp-headers=3.0~2.0.15-1ubuntu1","openjdk-11-jre-headless=11.0.17+8-1ubuntu2~22.04","openjdk-11-jre=11.0.17+8-1ubuntu2~22.04","openjdk-8-jre-headless=8u352-ga-1~22.04","openjdk-8-jre=8u352-ga-1~22.04","openssh-client=1:8.9p1-3","openssl=3.0.2-0ubuntu1.6","packagekit-tools=1.2.5-2ubuntu2","packagekit=1.2.5-2ubuntu2","parted=3.4-2build1","passwd=1:4.8.1-2ubuntu2","pastebinit=1.5.1-1ubuntu1","patch=2.7.6-7build2","pci.ids=0.0~2022.01.22-1","pciutils=1:3.7.0-6","perl-base=5.34.0-3ubuntu1.1","perl-modules-5.34=5.34.0-3ubuntu1.1","perl-openssl-defaults=5build2","perl=5.34.0-3ubuntu1.1","pinentry-curses=1.1.1-1build2","pkexec=0.105-33","plymouth-theme-ubuntu-text=0.9.5+git20211018-1ubuntu3","plymouth=0.9.5+git20211018-1ubuntu3","policykit-1=0.105-33","polkitd=0.105-33","powermgmt-base=1.36","procps=2:3.3.17-6ubuntu2","psmisc=23.4-2build3","publicsuffix=20211207.1025-1","python-apt-common=2.3.0ubuntu2.1","python3-apport=2.20.11-0ubuntu82.1","python3-apt=2.3.0ubuntu2.1","python3-blinker=1.4+dfsg1-0.4","python3-cairo=1.20.1-3build1","python3-cffi-backend=1.15.0-1build2","python3-commandnotfound=22.04.0","python3-configobj=5.0.6-5","python3-cryptography=3.4.8-1ubuntu2","python3-dbus=1.2.18-3build1","python3-distro-info=1.1build1","python3-distro=1.7.0-1","python3-distupgrade=1:22.04.14","python3-gdbm=3.10.6-1~22.04","python3-gi-cairo=3.42.1-0ubuntu1","python3-gi=3.42.1-0ubuntu1","python3-httplib2=0.20.2-2","python3-importlib-metadata=4.6.4-1","python3-jeepney=0.7.1-3","python3-jwt=2.3.0-1ubuntu0.2","python3-keyring=23.5.0-1","python3-launchpadlib=1.10.16-1","python3-lazr.restfulclient=0.14.4-1","python3-lazr.uri=1.0.6-2","python3-minimal=3.10.6-1~22.04","python3-more-itertools=8.10.0-2","python3-netifaces=0.11.0-1build2","python3-newt=0.52.21-5ubuntu2","python3-oauthlib=3.2.0-1ubuntu0.1","python3-pkg-resources=59.6.0-1.2","python3-problem-report=2.20.11-0ubuntu82.1","python3-psutil=5.9.0-1build1","python3-pyparsing=2.4.7-1","python3-secretstorage=3.3.1-1","python3-six=1.16.0-3ubuntu1","python3-software-properties=0.99.22.3","python3-systemd=234-3ubuntu2","python3-update-manager=1:22.04.9","python3-wadllib=1.3.6-1","python3-yaml=5.4.1-1ubuntu1","python3-zipp=1.0.0-3","python3.10-minimal=3.10.6-1~22.04","python3.10=3.10.6-1~22.04","python3=3.10.6-1~22.04","readline-common=8.1.2-1","rpcsvc-proto=1.4.2-0ubuntu6","rsync=3.2.3-8ubuntu3","rsyslog=8.2112.0-2ubuntu2.2","run-one=1.17-0ubuntu1","screen=4.9.0-1","sed=4.8-1ubuntu2","sensible-utils=0.0.17","session-migration=0.3.6","shared-mime-info=2.1-2","show-motd=3.10","snapd=2.57.5+22.04","software-properties-common=0.99.22.3","squashfs-tools=1:4.5-3build1","strace=5.16-0ubuntu3","sudo=1.9.9-1ubuntu2.1","systemd-hwe-hwdb=249.11.1","systemd-sysv=249.11-0ubuntu3.6","systemd-timesyncd=249.11-0ubuntu3.6","systemd=249.11-0ubuntu3.6","sysvinit-utils=3.01-1ubuntu1","tar=1.34+dfsg-1build3","tcpdump=4.99.1-3build2","telnet=0.17-44build1","terminator=2.1.1-1","time=1.9-0.1build2","tmux=3.2a-4build1","tnftp=20210827-4build1","tzdata=2022c-0ubuntu0.22.04.0","ubuntu-advantage-tools=27.11.2~22.04.1","ubuntu-keyring=2021.03.26","ubuntu-minimal=1.481","ubuntu-mono=20.10-0ubuntu2","ubuntu-release-upgrader-core=1:22.04.14","ubuntu-standard=1.481","ubuntu-wsl=1.481","ucf=3.0043","udev=249.11-0ubuntu3.6","ufw=0.36.1-4build1","unattended-upgrades=2.8ubuntu1","update-manager-core=1:22.04.9","update-motd=3.10","usb.ids=2022.04.02-1","usbutils=1:014-1build1","usrmerge=25ubuntu2","util-linux=2.37.2-4ubuntu3","uuid-runtime=2.37.2-4ubuntu3","vdpau-driver-all=1.4-3build2","vim-common=2:8.2.3995-1ubuntu2.1","vim-runtime=2:8.2.3995-1ubuntu2.1","vim-tiny=2:8.2.3995-1ubuntu2.1","vim=2:8.2.3995-1ubuntu2.1","wget=1.21.2-2ubuntu1","whiptail=0.52.21-5ubuntu2","wsl-setup=0.2","x11-common=1:7.7+23ubuntu2","x11-utils=7.7+5build2","x11-xkb-utils=7.7+5build4","x11-xserver-utils=7.7+9build1","x11proto-dev=2021.5-1","xauth=1:1.1-1build2","xdg-user-dirs=0.17-2ubuntu4","xdg-utils=1.1.3-4.1ubuntu3~22.04.1","xkb-data=2.33-1","xorg-sgml-doctools=1:1.11-1.1","xtrans-dev=1.4.0-1","xxd=2:8.2.3995-1ubuntu2.1","xz-utils=5.2.5-2ubuntu1","zlib1g=1:1.2.11.dfsg-2ubuntu9.2"]},"type":"ws_msg"}
{"payload":{"env_details":{"command":["train.py","--img","1200","--batch","8","--epochs","200","--data","halimeda.yaml","--weights","yolov5x.pt","--project","/mnt/c/Users/haddo/yolov5/projects/halimeda/yolo_XL/k-fold_training","--name","4","--single-cls","--hyp","data/hyps/hyp.scratch-low.yaml"],"env":null,"hostname":"haddock","ip":"172.23.10.58","machine":"x86_64","os":"Linux-5.15.79.1-microsoft-standard-WSL2-x86_64-with-glibc2.17","os_release":"5.15.79.1-microsoft-standard-WSL2","os_type":"Linux","pid":27079,"processor":"x86_64","python_exe":"/home/haddock/anaconda3/envs/yolov5/bin/python","python_version":"3.8.15","python_version_verbose":"3.8.15 (default, Nov 24 2022, 15:19:38) \n[GCC 11.2.0]","user":"haddock"},"local_timestamp":1673272413254},"type":"ws_msg"}
{"payload":{"gpu_static_info":[{"gpu_index":0,"name":"NVIDIA GeForce RTX 4090","power_limit":450000,"total_memory":25757220864,"uuid":"GPU-ef076fed-442f-28c2-574a-66095208839c"}],"local_timestamp":1673272413263},"type":"ws_msg"}
{"payload":{"local_timestamp":1673272413263,"metric":{"epoch":null,"metricName":"sys.gpu.0.total_memory","metricValue":25757220864,"step":null}},"type":"metric_msg"}
{"payload":{"local_timestamp":1673272413264,"param":{"paramName":"img","paramValue":1200,"source":"cli","step":null}},"type":"parameter_msg"}
{"payload":{"local_timestamp":1673272413265,"param":{"paramName":"batch","paramValue":8,"source":"cli","step":null}},"type":"parameter_msg"}
{"payload":{"local_timestamp":1673272413265,"param":{"paramName":"epochs","paramValue":200,"source":"cli","step":null}},"type":"parameter_msg"}
{"payload":{"local_timestamp":1673272413265,"param":{"paramName":"data","paramValue":"halimeda.yaml","source":"cli","step":null}},"type":"parameter_msg"}
{"payload":{"local_timestamp":1673272413265,"param":{"paramName":"weights","paramValue":"yolov5x.pt","source":"cli","step":null}},"type":"parameter_msg"}
{"payload":{"local_timestamp":1673272413265,"param":{"paramName":"project","paramValue":"/mnt/c/Users/haddo/yolov5/projects/halimeda/yolo_XL/k-fold_training","source":"cli","step":null}},"type":"parameter_msg"}
{"payload":{"local_timestamp":1673272413265,"param":{"paramName":"name","paramValue":4,"source":"cli","step":null}},"type":"parameter_msg"}
{"payload":{"local_timestamp":1673272413265,"param":{"paramName":"single-cls","paramValue":true,"source":"cli","step":null}},"type":"parameter_msg"}
{"payload":{"local_timestamp":1673272413265,"param":{"paramName":"hyp","paramValue":"data/hyps/hyp.scratch-low.yaml","source":"cli","step":null}},"type":"parameter_msg"}
{"payload":{"local_timestamp":1673272413265,"log_other":{"key":"offline_experiment","val":true}},"type":"ws_msg"}
{"payload":{"local_timestamp":1673272413270,"metric":{"epoch":null,"metricName":"sys.cpu.percent.avg","metricValue":2.6125,"step":null}},"type":"metric_msg"}
{"payload":{"local_timestamp":1673272413270,"metric":{"epoch":null,"metricName":"sys.cpu.percent.01","metricValue":4.5,"step":null}},"type":"metric_msg"}
{"payload":{"local_timestamp":1673272413270,"metric":{"epoch":null,"metricName":"sys.cpu.percent.02","metricValue":2.9,"step":null}},"type":"metric_msg"}
{"payload":{"local_timestamp":1673272413270,"metric":{"epoch":null,"metricName":"sys.cpu.percent.03","metricValue":2.3,"step":null}},"type":"metric_msg"}
{"payload":{"local_timestamp":1673272413270,"metric":{"epoch":null,"metricName":"sys.cpu.percent.04","metricValue":0.5,"step":null}},"type":"metric_msg"}
{"payload":{"local_timestamp":1673272413270,"metric":{"epoch":null,"metricName":"sys.cpu.percent.05","metricValue":0.0,"step":null}},"type":"metric_msg"}
{"payload":{"local_timestamp":1673272413270,"metric":{"epoch":null,"metricName":"sys.cpu.percent.06","metricValue":2.6,"step":null}},"type":"metric_msg"}
{"payload":{"local_timestamp":1673272413270,"metric":{"epoch":null,"metricName":"sys.cpu.percent.07","metricValue":0.8,"step":null}},"type":"metric_msg"}
{"payload":{"local_timestamp":1673272413270,"metric":{"epoch":null,"metricName":"sys.cpu.percent.08","metricValue":3.6,"step":null}},"type":"metric_msg"}
{"payload":{"local_timestamp":1673272413270,"metric":{"epoch":null,"metricName":"sys.cpu.percent.09","metricValue":0.0,"step":null}},"type":"metric_msg"}
{"payload":{"local_timestamp":1673272413270,"metric":{"epoch":null,"metricName":"sys.cpu.percent.10","metricValue":2.6,"step":null}},"type":"metric_msg"}
{"payload":{"local_timestamp":1673272413270,"metric":{"epoch":null,"metricName":"sys.cpu.percent.11","metricValue":6.9,"step":null}},"type":"metric_msg"}
{"payload":{"local_timestamp":1673272413270,"metric":{"epoch":null,"metricName":"sys.cpu.percent.12","metricValue":3.4,"step":null}},"type":"metric_msg"}
{"payload":{"local_timestamp":1673272413270,"metric":{"epoch":null,"metricName":"sys.cpu.percent.13","metricValue":2.9,"step":null}},"type":"metric_msg"}
{"payload":{"local_timestamp":1673272413270,"metric":{"epoch":null,"metricName":"sys.cpu.percent.14","metricValue":2.1,"step":null}},"type":"metric_msg"}
{"payload":{"local_timestamp":1673272413270,"metric":{"epoch":null,"metricName":"sys.cpu.percent.15","metricValue":1.8,"step":null}},"type":"metric_msg"}
{"payload":{"local_timestamp":1673272413270,"metric":{"epoch":null,"metricName":"sys.cpu.percent.16","metricValue":0.0,"step":null}},"type":"metric_msg"}
{"payload":{"local_timestamp":1673272413270,"metric":{"epoch":null,"metricName":"sys.cpu.percent.17","metricValue":4.7,"step":null}},"type":"metric_msg"}
{"payload":{"local_timestamp":1673272413270,"metric":{"epoch":null,"metricName":"sys.cpu.percent.18","metricValue":2.1,"step":null}},"type":"metric_msg"}
{"payload":{"local_timestamp":1673272413270,"metric":{"epoch":null,"metricName":"sys.cpu.percent.19","metricValue":0.0,"step":null}},"type":"metric_msg"}
{"payload":{"local_timestamp":1673272413270,"metric":{"epoch":null,"metricName":"sys.cpu.percent.20","metricValue":0.0,"step":null}},"type":"metric_msg"}
{"payload":{"local_timestamp":1673272413270,"metric":{"epoch":null,"metricName":"sys.cpu.percent.21","metricValue":0.0,"step":null}},"type":"metric_msg"}
{"payload":{"local_timestamp":1673272413270,"metric":{"epoch":null,"metricName":"sys.cpu.percent.22","metricValue":0.3,"step":null}},"type":"metric_msg"}
{"payload":{"local_timestamp":1673272413270,"metric":{"epoch":null,"metricName":"sys.cpu.percent.23","metricValue":18.4,"step":null}},"type":"metric_msg"}
{"payload":{"local_timestamp":1673272413270,"metric":{"epoch":null,"metricName":"sys.cpu.percent.24","metricValue":0.3,"step":null}},"type":"metric_msg"}
{"payload":{"local_timestamp":1673272413270,"metric":{"epoch":null,"metricName":"sys.load.avg","metricValue":1.41015625,"step":null}},"type":"metric_msg"}
{"payload":{"local_timestamp":1673272413270,"metric":{"epoch":null,"metricName":"sys.ram.total","metricValue":33543438336,"step":null}},"type":"metric_msg"}
{"payload":{"local_timestamp":1673272413270,"metric":{"epoch":null,"metricName":"sys.ram.used","metricValue":832122880,"step":null}},"type":"metric_msg"}
{"payload":{"local_timestamp":1673272413282,"metric":{"epoch":null,"metricName":"sys.gpu.0.free_memory","metricValue":24982007808,"step":null}},"type":"metric_msg"}
{"payload":{"local_timestamp":1673272413282,"metric":{"epoch":null,"metricName":"sys.gpu.0.gpu_utilization","metricValue":3,"step":null}},"type":"metric_msg"}
{"payload":{"local_timestamp":1673272413282,"metric":{"epoch":null,"metricName":"sys.gpu.0.power_usage","metricValue":16171,"step":null}},"type":"metric_msg"}
{"payload":{"local_timestamp":1673272413282,"metric":{"epoch":null,"metricName":"sys.gpu.0.temperature","metricValue":39,"step":null}},"type":"metric_msg"}
{"payload":{"local_timestamp":1673272413282,"metric":{"epoch":null,"metricName":"sys.gpu.0.used_memory","metricValue":775213056,"step":null}},"type":"metric_msg"}
{"payload":{"additional_params":{"assetId":"a20ab6d09c1a4a9c938da841f69f2870","context":null,"extension":"yaml","fileName":"halimeda.yaml","overwrite":false,"runId":null,"step":null},"clean":true,"file_path":"tmp4xbu25ge","local_timestamp":1673272413284,"metadata":{"type":"data-config-file"},"upload_type":"asset"},"type":"file_upload"}
{"payload":{"local_timestamp":1673272413328,"log_other":{"key":"Created from","val":"YOLOv5"}},"type":"ws_msg"}
{"payload":{"local_timestamp":1673272413328,"param":{"paramName":"artifact_alias","paramValue":"latest","source":"manual","step":null}},"type":"parameter_msg"}
{"payload":{"local_timestamp":1673272413328,"param":{"paramName":"batch_size","paramValue":8,"source":"manual","step":null}},"type":"parameter_msg"}
{"payload":{"local_timestamp":1673272413328,"param":{"paramName":"bbox_interval","paramValue":-1,"source":"manual","step":null}},"type":"parameter_msg"}
{"payload":{"local_timestamp":1673272413328,"param":{"paramName":"bucket","paramValue":"","source":"manual","step":null}},"type":"parameter_msg"}
{"payload":{"local_timestamp":1673272413328,"param":{"paramName":"cache","paramValue":null,"source":"manual","step":null}},"type":"parameter_msg"}
{"payload":{"local_timestamp":1673272413328,"param":{"paramName":"cfg","paramValue":"","source":"manual","step":null}},"type":"parameter_msg"}
{"payload":{"local_timestamp":1673272413328,"param":{"paramName":"cos_lr","paramValue":false,"source":"manual","step":null}},"type":"parameter_msg"}
{"payload":{"local_timestamp":1673272413329,"param":{"paramName":"data","paramValue":"/mnt/c/Users/haddo/yolov5/data/halimeda.yaml","source":"manual","step":null}},"type":"parameter_msg"}
{"payload":{"local_timestamp":1673272413329,"param":{"paramName":"device","paramValue":"","source":"manual","step":null}},"type":"parameter_msg"}
{"payload":{"local_timestamp":1673272413329,"param":{"paramName":"entity","paramValue":null,"source":"manual","step":null}},"type":"parameter_msg"}
{"payload":{"local_timestamp":1673272413329,"param":{"paramName":"evolve","paramValue":null,"source":"manual","step":null}},"type":"parameter_msg"}
{"payload":{"local_timestamp":1673272413329,"param":{"paramName":"exist_ok","paramValue":false,"source":"manual","step":null}},"type":"parameter_msg"}
{"payload":{"local_timestamp":1673272413329,"params":{"paramName":"freeze","paramValue":[0],"source":"manual","step":null}},"type":"parameter_msg"}
{"payload":{"local_timestamp":1673272413329,"param":{"paramName":"hyp","paramValue":"{\"anchor_t\": 4.0, \"box\": 0.05, \"cls\": 0.5, \"cls_pw\": 1.0, \"copy_paste\": 0.0, \"degrees\": 0.0, \"fl_gamma\": 0.0, \"fliplr\": 0.5, \"flipud\": 0.0, \"hsv_h\": 0.015, \"hsv_s\": 0.7, \"hsv_v\": 0.4, \"iou_t\": 0.5, \"lr0\": 0.01, \"lrf\": 0.01, \"mixup\": 0.0, \"momentum\": 0.937, \"mosaic\": 0.2, \"obj\": 1.0, \"obj_pw\": 1.0, \"perspective\": 0.0, \"scale\": 0.5, \"shear\": 0.0, \"translate\": 0.1, \"warmup_bias_lr\": 0.1, \"warmup_epochs\": 3.0, \"warmup_momentum\": 0.8, \"weight_decay\": 0.0005}","source":"manual","step":null}},"type":"parameter_msg"}
{"payload":{"local_timestamp":1673272413329,"param":{"paramName":"image_weights","paramValue":false,"source":"manual","step":null}},"type":"parameter_msg"}
{"payload":{"local_timestamp":1673272413329,"param":{"paramName":"imgsz","paramValue":1200,"source":"manual","step":null}},"type":"parameter_msg"}
{"payload":{"local_timestamp":1673272413329,"param":{"paramName":"label_smoothing","paramValue":0.0,"source":"manual","step":null}},"type":"parameter_msg"}
{"payload":{"local_timestamp":1673272413329,"param":{"paramName":"local_rank","paramValue":-1,"source":"manual","step":null}},"type":"parameter_msg"}
{"payload":{"local_timestamp":1673272413329,"param":{"paramName":"multi_scale","paramValue":false,"source":"manual","step":null}},"type":"parameter_msg"}
{"payload":{"local_timestamp":1673272413329,"param":{"paramName":"name","paramValue":"4","source":"manual","step":null}},"type":"parameter_msg"}
{"payload":{"local_timestamp":1673272413329,"param":{"paramName":"noautoanchor","paramValue":false,"source":"manual","step":null}},"type":"parameter_msg"}
{"payload":{"local_timestamp":1673272413329,"param":{"paramName":"noplots","paramValue":false,"source":"manual","step":null}},"type":"parameter_msg"}
{"payload":{"local_timestamp":1673272413329,"param":{"paramName":"nosave","paramValue":false,"source":"manual","step":null}},"type":"parameter_msg"}
{"payload":{"local_timestamp":1673272413329,"param":{"paramName":"noval","paramValue":false,"source":"manual","step":null}},"type":"parameter_msg"}
{"payload":{"local_timestamp":1673272413329,"param":{"paramName":"optimizer","paramValue":"SGD","source":"manual","step":null}},"type":"parameter_msg"}
{"payload":{"local_timestamp":1673272413329,"param":{"paramName":"patience","paramValue":100,"source":"manual","step":null}},"type":"parameter_msg"}
{"payload":{"local_timestamp":1673272413329,"param":{"paramName":"quad","paramValue":false,"source":"manual","step":null}},"type":"parameter_msg"}
{"payload":{"local_timestamp":1673272413329,"param":{"paramName":"rect","paramValue":false,"source":"manual","step":null}},"type":"parameter_msg"}
{"payload":{"local_timestamp":1673272413329,"param":{"paramName":"resume","paramValue":false,"source":"manual","step":null}},"type":"parameter_msg"}
{"payload":{"local_timestamp":1673272413329,"param":{"paramName":"save_dir","paramValue":"/mnt/c/Users/haddo/yolov5/projects/halimeda/yolo_XL/k-fold_training/4","source":"manual","step":null}},"type":"parameter_msg"}
{"payload":{"local_timestamp":1673272413329,"param":{"paramName":"save_period","paramValue":-1,"source":"manual","step":null}},"type":"parameter_msg"}
{"payload":{"local_timestamp":1673272413329,"param":{"paramName":"seed","paramValue":42,"source":"manual","step":null}},"type":"parameter_msg"}
{"payload":{"local_timestamp":1673272413329,"param":{"paramName":"single_cls","paramValue":true,"source":"manual","step":null}},"type":"parameter_msg"}
{"payload":{"local_timestamp":1673272413329,"param":{"paramName":"sync_bn","paramValue":false,"source":"manual","step":null}},"type":"parameter_msg"}
{"payload":{"local_timestamp":1673272413329,"param":{"paramName":"upload_dataset","paramValue":false,"source":"manual","step":null}},"type":"parameter_msg"}
{"payload":{"local_timestamp":1673272413329,"param":{"paramName":"workers","paramValue":8,"source":"manual","step":null}},"type":"parameter_msg"}
{"payload":{"local_timestamp":1673272413329,"param":{"paramName":"anchor_t","paramValue":4.0,"source":"manual","step":null}},"type":"parameter_msg"}
{"payload":{"local_timestamp":1673272413329,"param":{"paramName":"box","paramValue":0.05,"source":"manual","step":null}},"type":"parameter_msg"}
{"payload":{"local_timestamp":1673272413329,"param":{"paramName":"cls","paramValue":0.5,"source":"manual","step":null}},"type":"parameter_msg"}
{"payload":{"local_timestamp":1673272413329,"param":{"paramName":"cls_pw","paramValue":1.0,"source":"manual","step":null}},"type":"parameter_msg"}
{"payload":{"local_timestamp":1673272413329,"param":{"paramName":"copy_paste","paramValue":0.0,"source":"manual","step":null}},"type":"parameter_msg"}
{"payload":{"local_timestamp":1673272413329,"param":{"paramName":"degrees","paramValue":0.0,"source":"manual","step":null}},"type":"parameter_msg"}
{"payload":{"local_timestamp":1673272413329,"param":{"paramName":"fl_gamma","paramValue":0.0,"source":"manual","step":null}},"type":"parameter_msg"}
{"payload":{"local_timestamp":1673272413329,"param":{"paramName":"fliplr","paramValue":0.5,"source":"manual","step":null}},"type":"parameter_msg"}
{"payload":{"local_timestamp":1673272413329,"param":{"paramName":"flipud","paramValue":0.0,"source":"manual","step":null}},"type":"parameter_msg"}
{"payload":{"local_timestamp":1673272413329,"param":{"paramName":"hsv_h","paramValue":0.015,"source":"manual","step":null}},"type":"parameter_msg"}
{"payload":{"local_timestamp":1673272413329,"param":{"paramName":"hsv_s","paramValue":0.7,"source":"manual","step":null}},"type":"parameter_msg"}
{"payload":{"local_timestamp":1673272413329,"param":{"paramName":"hsv_v","paramValue":0.4,"source":"manual","step":null}},"type":"parameter_msg"}
{"payload":{"local_timestamp":1673272413329,"param":{"paramName":"iou_t","paramValue":0.5,"source":"manual","step":null}},"type":"parameter_msg"}
{"payload":{"local_timestamp":1673272413329,"param":{"paramName":"lr0","paramValue":0.01,"source":"manual","step":null}},"type":"parameter_msg"}
{"payload":{"local_timestamp":1673272413329,"param":{"paramName":"lrf","paramValue":0.01,"source":"manual","step":null}},"type":"parameter_msg"}
{"payload":{"local_timestamp":1673272413329,"param":{"paramName":"mixup","paramValue":0.0,"source":"manual","step":null}},"type":"parameter_msg"}
{"payload":{"local_timestamp":1673272413329,"param":{"paramName":"momentum","paramValue":0.937,"source":"manual","step":null}},"type":"parameter_msg"}
{"payload":{"local_timestamp":1673272413329,"param":{"paramName":"mosaic","paramValue":0.2,"source":"manual","step":null}},"type":"parameter_msg"}
{"payload":{"local_timestamp":1673272413329,"param":{"paramName":"obj","paramValue":1.0,"source":"manual","step":null}},"type":"parameter_msg"}
{"payload":{"local_timestamp":1673272413329,"param":{"paramName":"obj_pw","paramValue":1.0,"source":"manual","step":null}},"type":"parameter_msg"}
{"payload":{"local_timestamp":1673272413329,"param":{"paramName":"perspective","paramValue":0.0,"source":"manual","step":null}},"type":"parameter_msg"}
{"payload":{"local_timestamp":1673272413329,"param":{"paramName":"scale","paramValue":0.5,"source":"manual","step":null}},"type":"parameter_msg"}
{"payload":{"local_timestamp":1673272413329,"param":{"paramName":"shear","paramValue":0.0,"source":"manual","step":null}},"type":"parameter_msg"}
{"payload":{"local_timestamp":1673272413329,"param":{"paramName":"translate","paramValue":0.1,"source":"manual","step":null}},"type":"parameter_msg"}
{"payload":{"local_timestamp":1673272413329,"param":{"paramName":"warmup_bias_lr","paramValue":0.1,"source":"manual","step":null}},"type":"parameter_msg"}
{"payload":{"local_timestamp":1673272413329,"param":{"paramName":"warmup_epochs","paramValue":3.0,"source":"manual","step":null}},"type":"parameter_msg"}
{"payload":{"local_timestamp":1673272413329,"param":{"paramName":"warmup_momentum","paramValue":0.8,"source":"manual","step":null}},"type":"parameter_msg"}
{"payload":{"local_timestamp":1673272413329,"param":{"paramName":"weight_decay","paramValue":0.0005,"source":"manual","step":null}},"type":"parameter_msg"}
{"payload":{"additional_params":{"assetId":"9cca94e5d9be472397e000a23a0accba","context":null,"epoch":null,"extension":"json","fileName":"hyperparameters.json","overwrite":false,"runId":null,"step":null},"clean":true,"file_path":"tmp3swq31op","local_timestamp":1673272413331,"metadata":{"type":"hyp-config-file"},"upload_type":"asset"},"type":"file_upload"}
{"payload":{"additional_params":{"assetId":"65ac3a9c10664771a130f6bb3b865020","context":null,"extension":"yaml","fileName":"opt.yaml","overwrite":false,"runId":null,"step":null},"clean":true,"file_path":"tmpbbwolgo8","local_timestamp":1673272413336,"metadata":{"type":"opt-config-file"},"upload_type":"asset"},"type":"file_upload"}
{"payload":{"local_timestamp":1673272413336,"param":{"paramName":"val_conf_threshold","paramValue":0.001,"source":"manual","step":null}},"type":"parameter_msg"}
{"payload":{"local_timestamp":1673272413336,"param":{"paramName":"val_iou_threshold","paramValue":0.6,"source":"manual","step":null}},"type":"parameter_msg"}
{"payload":{"local_timestamp":1673272413336,"log_other":{"key":"comet_mode","val":"online"}},"type":"ws_msg"}
{"payload":{"local_timestamp":1673272413336,"log_other":{"key":"comet_max_image_uploads","val":100}},"type":"ws_msg"}
{"payload":{"local_timestamp":1673272413336,"log_other":{"key":"comet_log_per_class_metrics","val":false}},"type":"ws_msg"}
{"payload":{"local_timestamp":1673272413336,"log_other":{"key":"comet_log_batch_metrics","val":false}},"type":"ws_msg"}
{"payload":{"local_timestamp":1673272413336,"log_other":{"key":"comet_log_confusion_matrix","val":true}},"type":"ws_msg"}
{"payload":{"local_timestamp":1673272413336,"log_other":{"key":"comet_model_name","val":"yolov5"}},"type":"ws_msg"}
{"payload":{"local_timestamp":1673272413612,"stderr":true,"stdout":"Overriding model.yaml nc=80 with nc=1\n"},"type":"ws_msg"}
{"payload":{"local_timestamp":1673272413613,"stderr":true,"stdout":"\n                 from  n    params  module                                  arguments                     \n"},"type":"ws_msg"}
{"payload":{"local_timestamp":1673272413613,"stderr":true,"stdout":"  0                -1  1      8800  models.common.Conv                      [3, 80, 6, 2, 2]              \n"},"type":"ws_msg"}
{"payload":{"local_timestamp":1673272413614,"stderr":true,"stdout":"  1                -1  1    115520  models.common.Conv                      [80, 160, 3, 2]               \n"},"type":"ws_msg"}
{"payload":{"local_timestamp":1673272413616,"stderr":true,"stdout":"  2                -1  4    309120  models.common.C3                        [160, 160, 4]                 \n"},"type":"ws_msg"}
{"payload":{"local_timestamp":1673272413618,"stderr":true,"stdout":"  3                -1  1    461440  models.common.Conv                      [160, 320, 3, 2]              \n"},"type":"ws_msg"}
{"payload":{"local_timestamp":1673272413627,"stderr":true,"stdout":"  4                -1  8   2259200  models.common.C3                        [320, 320, 8]                 \n"},"type":"ws_msg"}
{"payload":{"local_timestamp":1673272413633,"stderr":true,"stdout":"  5                -1  1   1844480  models.common.Conv                      [320, 640, 3, 2]              \n"},"type":"ws_msg"}
{"payload":{"local_timestamp":1673272413680,"stderr":true,"stdout":"  6                -1 12  13125120  models.common.C3                        [640, 640, 12]                \n"},"type":"ws_msg"}
{"payload":{"local_timestamp":1673272413702,"stderr":true,"stdout":"  7                -1  1   7375360  models.common.Conv                      [640, 1280, 3, 2]             \n"},"type":"ws_msg"}
{"payload":{"local_timestamp":1673272413764,"stderr":true,"stdout":"  8                -1  4  19676160  models.common.C3                        [1280, 1280, 4]               \n"},"type":"ws_msg"}
{"payload":{"local_timestamp":1673272413777,"stderr":true,"stdout":"  9                -1  1   4099840  models.common.SPPF                      [1280, 1280, 5]               \n"},"type":"ws_msg"}
{"payload":{"local_timestamp":1673272413780,"stderr":true,"stdout":" 10                -1  1    820480  models.common.Conv                      [1280, 640, 1, 1]             \n"},"type":"ws_msg"}
{"payload":{"local_timestamp":1673272413781,"stderr":true,"stdout":" 11                -1  1         0  torch.nn.modules.upsampling.Upsample    [None, 2, 'nearest']          \n"},"type":"ws_msg"}
{"payload":{"local_timestamp":1673272413781,"stderr":true,"stdout":" 12           [-1, 6]  1         0  models.common.Concat                    [1]                           \n"},"type":"ws_msg"}
{"payload":{"local_timestamp":1673272413799,"stderr":true,"stdout":" 13                -1  4   5332480  models.common.C3                        [1280, 640, 4, False]         \n"},"type":"ws_msg"}
{"payload":{"local_timestamp":1673272413800,"stderr":true,"stdout":" 14                -1  1    205440  models.common.Conv                      [640, 320, 1, 1]              \n"},"type":"ws_msg"}
{"payload":{"local_timestamp":1673272413800,"stderr":true,"stdout":" 15                -1  1         0  torch.nn.modules.upsampling.Upsample    [None, 2, 'nearest']          \n"},"type":"ws_msg"}
{"payload":{"local_timestamp":1673272413801,"stderr":true,"stdout":" 16           [-1, 4]  1         0  models.common.Concat                    [1]                           \n"},"type":"ws_msg"}
{"payload":{"local_timestamp":1673272413806,"stderr":true,"stdout":" 17                -1  4   1335040  models.common.C3                        [640, 320, 4, False]          \n"},"type":"ws_msg"}
{"payload":{"local_timestamp":1673272413810,"stderr":true,"stdout":" 18                -1  1    922240  models.common.Conv                      [320, 320, 3, 2]              \n"},"type":"ws_msg"}
{"payload":{"local_timestamp":1673272413810,"stderr":true,"stdout":" 19          [-1, 14]  1         0  models.common.Concat                    [1]                           \n"},"type":"ws_msg"}
{"payload":{"local_timestamp":1673272413830,"stderr":true,"stdout":" 20                -1  4   4922880  models.common.C3                        [640, 640, 4, False]          \n"},"type":"ws_msg"}
{"payload":{"local_timestamp":1673272413842,"stderr":true,"stdout":" 21                -1  1   3687680  models.common.Conv                      [640, 640, 3, 2]              \n"},"type":"ws_msg"}
{"payload":{"local_timestamp":1673272413842,"stderr":true,"stdout":" 22          [-1, 10]  1         0  models.common.Concat                    [1]                           \n"},"type":"ws_msg"}
{"payload":{"local_timestamp":1673272413907,"stderr":true,"stdout":" 23                -1  4  19676160  models.common.C3                        [1280, 1280, 4, False]        \n"},"type":"ws_msg"}
{"payload":{"local_timestamp":1673272413908,"stderr":true,"stdout":" 24      [17, 20, 23]  1     40374  models.yolo.Detect                      [1, [[10, 13, 16, 30, 33, 23], [30, 61, 62, 45, 59, 119], [116, 90, 156, 198, 373, 326]], [320, 640, 1280]]\n"},"type":"ws_msg"}
{"payload":{"local_timestamp":1673272414264,"stderr":true,"stdout":"Model summary: 445 layers, 86217814 parameters, 86217814 gradients, 204.6 GFLOPs\n\n"},"type":"ws_msg"}
{"payload":{"additional_params":{"assetId":"b6bde6f97c2d48dea63ce733758fe6a8","context":null,"epoch":null,"extension":"yml","fileName":"conda-environment.yml","overwrite":false,"runId":null,"step":null,"type":"conda-environment-definition"},"clean":true,"file_path":"tmpv87ao62v","local_timestamp":1673272414500,"metadata":{},"upload_type":"conda-environment-definition"},"type":"file_upload"}
{"payload":{"additional_params":{"assetId":"3030247599d14eadaf742cbc80531438","context":null,"epoch":null,"extension":"txt","fileName":"conda-spec.txt","overwrite":false,"runId":null,"step":null,"type":"conda-specification"},"clean":true,"file_path":"tmpu_leq43c","local_timestamp":1673272414763,"metadata":{},"upload_type":"conda-specification"},"type":"file_upload"}
{"payload":{"additional_params":{"assetId":"9b9b287bf6564c6b803745b76477ca15","context":null,"epoch":null,"extension":"yml","fileName":"conda-info.yml","overwrite":false,"runId":null,"step":null,"type":"conda-info"},"clean":true,"file_path":"tmp76tpfjlq","local_timestamp":1673272415199,"metadata":{},"upload_type":"conda-info"},"type":"file_upload"}
{"payload":{"local_timestamp":1673272415516,"stderr":true,"stdout":"Transferred 739/745 items from yolov5x.pt\n"},"type":"ws_msg"}
{"payload":{"local_timestamp":1673272416681,"stderr":true,"stdout":"\u001b[34m\u001b[1mAMP: \u001b[0mchecks passed \u2705\n"},"type":"ws_msg"}
{"payload":{"local_timestamp":1673272416683,"stderr":true,"stdout":"WARNING \u26a0\ufe0f --img-size 1200 must be multiple of max stride 32, updating to 1216\n"},"type":"ws_msg"}
{"payload":{"local_timestamp":1673272416683,"stderr":true,"stdout":"\u001b[34m\u001b[1moptimizer:\u001b[0m SGD(lr=0.01) with parameter groups 123 weight(decay=0.0), 126 weight(decay=0.0005), 126 bias\n"},"type":"ws_msg"}
{"payload":{"local_timestamp":1673272419256,"stderr":true,"stdout":"\r\u001b[34m\u001b[1mtrain: \u001b[0mScanning /mnt/c/Users/haddo/yolov5/datasets/halimeda/labels/temp_train...:   0%|          | 0/195 [00:00<?, ?it/s]"},"type":"ws_msg"}
{"payload":{"local_timestamp":1673272419367,"stderr":true,"stdout":"\r\u001b[34m\u001b[1mtrain: \u001b[0mScanning /mnt/c/Users/haddo/yolov5/datasets/halimeda/labels/temp_train... 41 images, 3 backgrounds, 0 corrupt:  21%|\u2588\u2588        | 41/195 [00:00<00:00, 370.48it/s]"},"type":"ws_msg"}
{"payload":{"local_timestamp":1673272419476,"stderr":true,"stdout":"\r\u001b[34m\u001b[1mtrain: \u001b[0mScanning /mnt/c/Users/haddo/yolov5/datasets/halimeda/labels/temp_train... 89 images, 3 backgrounds, 0 corrupt:  46%|\u2588\u2588\u2588\u2588\u258c     | 89/195 [00:00<00:00, 410.63it/s]"},"type":"ws_msg"}
{"payload":{"local_timestamp":1673272419584,"stderr":true,"stdout":"\r\u001b[34m\u001b[1mtrain: \u001b[0mScanning /mnt/c/Users/haddo/yolov5/datasets/halimeda/labels/temp_train... 137 images, 14 backgrounds, 0 corrupt:  70%|\u2588\u2588\u2588\u2588\u2588\u2588\u2588   | 137/195 [00:00<00:00, 426.75it/s]"},"type":"ws_msg"}
{"payload":{"local_timestamp":1673272419691,"stderr":true,"stdout":"\r\u001b[34m\u001b[1mtrain: \u001b[0mScanning /mnt/c/Users/haddo/yolov5/datasets/halimeda/labels/temp_train... 185 images, 21 backgrounds, 0 corrupt:  95%|\u2588\u2588\u2588\u2588\u2588\u2588\u2588\u2588\u2588\u258d| 185/195 [00:00<00:00, 434.92it/s]"},"type":"ws_msg"}
{"payload":{"local_timestamp":1673272419704,"stderr":true,"stdout":"\r\u001b[34m\u001b[1mtrain: \u001b[0mScanning /mnt/c/Users/haddo/yolov5/datasets/halimeda/labels/temp_train... 195 images, 31 backgrounds, 0 corrupt: 100%|\u2588\u2588\u2588\u2588\u2588\u2588\u2588\u2588\u2588\u2588| 195/195 [00:00<00:00, 435.22it/s]\n"},"type":"ws_msg"}
{"payload":{"local_timestamp":1673272421985,"stderr":true,"stdout":"\u001b[34m\u001b[1mtrain: \u001b[0mNew cache created: /mnt/c/Users/haddo/yolov5/datasets/halimeda/labels/temp_train.cache\n"},"type":"ws_msg"}
{"payload":{"local_timestamp":1673272422930,"stderr":true,"stdout":"\r\u001b[34m\u001b[1mval: \u001b[0mScanning /mnt/c/Users/haddo/yolov5/datasets/halimeda/labels/temp_val...:   0%|          | 0/50 [00:00<?, ?it/s]"},"type":"ws_msg"}
{"payload":{"local_timestamp":1673272423038,"stderr":true,"stdout":"\r\u001b[34m\u001b[1mval: \u001b[0mScanning /mnt/c/Users/haddo/yolov5/datasets/halimeda/labels/temp_val... 32 images, 4 backgrounds, 0 corrupt:  64%|\u2588\u2588\u2588\u2588\u2588\u2588\u258d   | 32/50 [00:00<00:00, 296.22it/s]"},"type":"ws_msg"}
{"payload":{"local_timestamp":1673272423073,"stderr":true,"stdout":"\r\u001b[34m\u001b[1mval: \u001b[0mScanning /mnt/c/Users/haddo/yolov5/datasets/halimeda/labels/temp_val... 50 images, 10 backgrounds, 0 corrupt: 100%|\u2588\u2588\u2588\u2588\u2588\u2588\u2588\u2588\u2588\u2588| 50/50 [00:00<00:00, 350.52it/s]"},"type":"ws_msg"}
{"payload":{"local_timestamp":1673272423073,"stderr":true,"stdout":"\n"},"type":"ws_msg"}
{"payload":{"local_timestamp":1673272423660,"stderr":true,"stdout":"\u001b[34m\u001b[1mval: \u001b[0mNew cache created: /mnt/c/Users/haddo/yolov5/datasets/halimeda/labels/temp_val.cache\n"},"type":"ws_msg"}
{"payload":{"local_timestamp":1673272423842,"stderr":true,"stdout":"\n\u001b[34m\u001b[1mAutoAnchor: \u001b[0m5.75 anchors/target, 1.000 Best Possible Recall (BPR). Current anchors are a good fit to dataset \u2705\n"},"type":"ws_msg"}
{"payload":{"local_timestamp":1673272423898,"stderr":true,"stdout":"Plotting labels to /mnt/c/Users/haddo/yolov5/projects/halimeda/yolo_XL/k-fold_training/4/labels.jpg... \n"},"type":"ws_msg"}
{"payload":{"additional_params":{"assetId":"46bce194ef4245b595289ae5b7866fa2","context":null,"extension":"jpg","fileName":"labels.jpg","overwrite":false,"runId":null,"step":null},"clean":true,"file_path":"tmpg2qadobx","local_timestamp":1673272425942,"metadata":{},"upload_type":"asset"},"type":"file_upload"}
{"payload":{"additional_params":{"assetId":"0f6eb9c67b3a478aab4142bcea1ddf24","context":null,"extension":"jpg","fileName":"labels_correlogram.jpg","overwrite":false,"runId":null,"step":null},"clean":true,"file_path":"tmp7w3fz1c3","local_timestamp":1673272425950,"metadata":{},"upload_type":"asset"},"type":"file_upload"}
{"payload":{"local_timestamp":1673272425971,"param":{"paramName":"cls","paramValue":0.006250000000000001,"source":"manual","step":null}},"type":"parameter_msg"}
{"payload":{"local_timestamp":1673272425971,"param":{"paramName":"obj","paramValue":3.61,"source":"manual","step":null}},"type":"parameter_msg"}
{"payload":{"local_timestamp":1673272425972,"stderr":true,"stdout":"Image sizes 1216 train, 1216 val\nUsing 8 dataloader workers\nLogging results to \u001b[1m/mnt/c/Users/haddo/yolov5/projects/halimeda/yolo_XL/k-fold_training/4\u001b[0m\nStarting training for 200 epochs...\n"},"type":"ws_msg"}
{"payload":{"local_timestamp":1673272425973,"stderr":true,"stdout":"\n      Epoch    GPU_mem   box_loss   obj_loss   cls_loss  Instances       Size\n"},"type":"ws_msg"}
{"payload":{"local_timestamp":1673272425973,"stderr":true,"stdout":"\r  0%|          | 0/25 [00:00<?, ?it/s]"},"type":"ws_msg"}
{"payload":{"local_timestamp":1673272427518,"stderr":true,"stdout":"\r      0/199      22.2G     0.1141     0.1679          0        138       1216:   0%|          | 0/25 [00:01<?, ?it/s]"},"type":"ws_msg"}
{"payload":{"local_timestamp":1673272428200,"stderr":true,"stdout":"WARNING \u26a0\ufe0f TensorBoard graph visualization failure Sizes of tensors must match except in dimension 1. Expected size 76 but got size 75 for tensor number 1 in the list.\n"},"type":"ws_msg"}
{"payload":{"local_timestamp":1673272428207,"stderr":true,"stdout":"\r      0/199      22.2G     0.1141     0.1679          0        138       1216:   4%|\u258d         | 1/25 [00:02<00:53,  2.23s/it]"},"type":"ws_msg"}
{"payload":{"local_timestamp":1673272429119,"stderr":true,"stdout":"\r      0/199      22.3G     0.1159     0.1701          0        181       1216:   4%|\u258d         | 1/25 [00:03<00:53,  2.23s/it]"},"type":"ws_msg"}
{"payload":{"local_timestamp":1673272429120,"stderr":true,"stdout":"\r      0/199      22.3G     0.1159     0.1701          0        181       1216:   8%|\u258a         | 2/25 [00:03<00:33,  1.46s/it]"},"type":"ws_msg"}
{"payload":{"local_timestamp":1673272430320,"stderr":true,"stdout":"\r      0/199      22.3G     0.1148     0.1668          0        179       1216:   8%|\u258a         | 2/25 [00:04<00:33,  1.46s/it]"},"type":"ws_msg"}
{"payload":{"local_timestamp":1673272430320,"stderr":true,"stdout":"\r      0/199      22.3G     0.1148     0.1668          0        179       1216:  12%|\u2588\u258f        | 3/25 [00:04<00:29,  1.34s/it]"},"type":"ws_msg"}
{"payload":{"local_timestamp":1673272431525,"stderr":true,"stdout":"\r      0/199      22.3G     0.1141     0.1567          0         92       1216:  12%|\u2588\u258f        | 3/25 [00:05<00:29,  1.34s/it]"},"type":"ws_msg"}
{"payload":{"local_timestamp":1673272431525,"stderr":true,"stdout":"\r      0/199      22.3G     0.1141     0.1567          0         92       1216:  16%|\u2588\u258c        | 4/25 [00:05<00:27,  1.29s/it]"},"type":"ws_msg"}
{"payload":{"local_timestamp":1673272432430,"stderr":true,"stdout":"\r      0/199      22.3G      0.114     0.1633          0        178       1216:  16%|\u2588\u258c        | 4/25 [00:06<00:27,  1.29s/it]"},"type":"ws_msg"}
{"payload":{"local_timestamp":1673272432431,"stderr":true,"stdout":"\r      0/199      22.3G      0.114     0.1633          0        178       1216:  20%|\u2588\u2588        | 5/25 [00:06<00:22,  1.15s/it]"},"type":"ws_msg"}
{"payload":{"local_timestamp":1673272433349,"stderr":true,"stdout":"\r      0/199      22.3G     0.1131     0.1588          0        101       1216:  20%|\u2588\u2588        | 5/25 [00:07<00:22,  1.15s/it]"},"type":"ws_msg"}
{"payload":{"local_timestamp":1673272433349,"stderr":true,"stdout":"\r      0/199      22.3G     0.1131     0.1588          0        101       1216:  24%|\u2588\u2588\u258d       | 6/25 [00:07<00:20,  1.07s/it]"},"type":"ws_msg"}
{"payload":{"local_timestamp":1673272434247,"stderr":true,"stdout":"\r      0/199      22.3G     0.1128     0.1647          0        193       1216:  24%|\u2588\u2588\u258d       | 6/25 [00:08<00:20,  1.07s/it]"},"type":"ws_msg"}
{"payload":{"local_timestamp":1673272434247,"stderr":true,"stdout":"\r      0/199      22.3G     0.1128     0.1647          0        193       1216:  28%|\u2588\u2588\u258a       | 7/25 [00:08<00:18,  1.01s/it]"},"type":"ws_msg"}
{"payload":{"local_timestamp":1673272435139,"stderr":true,"stdout":"\r      0/199      22.3G      0.112     0.1558          0         51       1216:  28%|\u2588\u2588\u258a       | 7/25 [00:09<00:18,  1.01s/it]"},"type":"ws_msg"}
{"payload":{"local_timestamp":1673272435139,"stderr":true,"stdout":"\r      0/199      22.3G      0.112     0.1558          0         51       1216:  32%|\u2588\u2588\u2588\u258f      | 8/25 [00:09<00:16,  1.03it/s]"},"type":"ws_msg"}
{"payload":{"local_timestamp":1673272435997,"stderr":true,"stdout":"\r      0/199      22.3G     0.1117     0.1505          0         73       1216:  32%|\u2588\u2588\u2588\u258f      | 8/25 [00:10<00:16,  1.03it/s]"},"type":"ws_msg"}
{"payload":{"local_timestamp":1673272435997,"stderr":true,"stdout":"\r      0/199      22.3G     0.1117     0.1505          0         73       1216:  36%|\u2588\u2588\u2588\u258c      | 9/25 [00:10<00:15,  1.07it/s]"},"type":"ws_msg"}
{"payload":{"local_timestamp":1673272436906,"stderr":true,"stdout":"\r      0/199      22.3G     0.1118     0.1584          0        256       1216:  36%|\u2588\u2588\u2588\u258c      | 9/25 [00:10<00:15,  1.07it/s]"},"type":"ws_msg"}
{"payload":{"local_timestamp":1673272436906,"stderr":true,"stdout":"\r      0/199      22.3G     0.1118     0.1584          0        256       1216:  40%|\u2588\u2588\u2588\u2588      | 10/25 [00:10<00:13,  1.08it/s]"},"type":"ws_msg"}
{"payload":{"local_timestamp":1673272437767,"stderr":true,"stdout":"\r      0/199      22.3G     0.1115     0.1586          0        150       1216:  40%|\u2588\u2588\u2588\u2588      | 10/25 [00:11<00:13,  1.08it/s]"},"type":"ws_msg"}
{"payload":{"local_timestamp":1673272437767,"stderr":true,"stdout":"\r      0/199      22.3G     0.1115     0.1586          0        150       1216:  44%|\u2588\u2588\u2588\u2588\u258d     | 11/25 [00:11<00:12,  1.10it/s]"},"type":"ws_msg"}
{"payload":{"local_timestamp":1673272438667,"stderr":true,"stdout":"\r      0/199      22.3G     0.1116     0.1635          0        241       1216:  44%|\u2588\u2588\u2588\u2588\u258d     | 11/25 [00:12<00:12,  1.10it/s]"},"type":"ws_msg"}
{"payload":{"local_timestamp":1673272438667,"stderr":true,"stdout":"\r      0/199      22.3G     0.1116     0.1635          0        241       1216:  48%|\u2588\u2588\u2588\u2588\u258a     | 12/25 [00:12<00:11,  1.10it/s]"},"type":"ws_msg"}
{"payload":{"local_timestamp":1673272439543,"stderr":true,"stdout":"\r      0/199      22.3G     0.1111     0.1593          0         74       1216:  48%|\u2588\u2588\u2588\u2588\u258a     | 12/25 [00:13<00:11,  1.10it/s]"},"type":"ws_msg"}
{"payload":{"local_timestamp":1673272439543,"stderr":true,"stdout":"\r      0/199      22.3G     0.1111     0.1593          0         74       1216:  52%|\u2588\u2588\u2588\u2588\u2588\u258f    | 13/25 [00:13<00:10,  1.11it/s]"},"type":"ws_msg"}
{"payload":{"local_timestamp":1673272440447,"stderr":true,"stdout":"\r      0/199      22.3G     0.1109     0.1614          0        184       1216:  52%|\u2588\u2588\u2588\u2588\u2588\u258f    | 13/25 [00:14<00:10,  1.11it/s]"},"type":"ws_msg"}
{"payload":{"local_timestamp":1673272440447,"stderr":true,"stdout":"\r      0/199      22.3G     0.1109     0.1614          0        184       1216:  56%|\u2588\u2588\u2588\u2588\u2588\u258c    | 14/25 [00:14<00:09,  1.11it/s]"},"type":"ws_msg"}
{"payload":{"local_timestamp":1673272441326,"stderr":true,"stdout":"\r      0/199      22.3G     0.1106     0.1616          0        142       1216:  56%|\u2588\u2588\u2588\u2588\u2588\u258c    | 14/25 [00:15<00:09,  1.11it/s]"},"type":"ws_msg"}
{"payload":{"local_timestamp":1673272441326,"stderr":true,"stdout":"\r      0/199      22.3G     0.1106     0.1616          0        142       1216:  60%|\u2588\u2588\u2588\u2588\u2588\u2588    | 15/25 [00:15<00:08,  1.12it/s]"},"type":"ws_msg"}
{"payload":{"local_timestamp":1673272442231,"stderr":true,"stdout":"\r      0/199      22.3G     0.1103     0.1646          0        205       1216:  60%|\u2588\u2588\u2588\u2588\u2588\u2588    | 15/25 [00:16<00:08,  1.12it/s]"},"type":"ws_msg"}
{"payload":{"local_timestamp":1673272442232,"stderr":true,"stdout":"\r      0/199      22.3G     0.1103     0.1646          0        205       1216:  64%|\u2588\u2588\u2588\u2588\u2588\u2588\u258d   | 16/25 [00:16<00:08,  1.12it/s]"},"type":"ws_msg"}
{"payload":{"local_timestamp":1673272443103,"stderr":true,"stdout":"\r      0/199      22.3G     0.1098     0.1606          0         60       1216:  64%|\u2588\u2588\u2588\u2588\u2588\u2588\u258d   | 16/25 [00:17<00:08,  1.12it/s]"},"type":"ws_msg"}
{"payload":{"local_timestamp":1673272443103,"stderr":true,"stdout":"\r      0/199      22.3G     0.1098     0.1606          0         60       1216:  68%|\u2588\u2588\u2588\u2588\u2588\u2588\u258a   | 17/25 [00:17<00:07,  1.12it/s]"},"type":"ws_msg"}
{"payload":{"local_timestamp":1673272443998,"stderr":true,"stdout":"\r      0/199      22.3G     0.1096     0.1568          0         58       1216:  68%|\u2588\u2588\u2588\u2588\u2588\u2588\u258a   | 17/25 [00:18<00:07,  1.12it/s]"},"type":"ws_msg"}
{"payload":{"local_timestamp":1673272443999,"stderr":true,"stdout":"\r      0/199      22.3G     0.1096     0.1568          0         58       1216:  72%|\u2588\u2588\u2588\u2588\u2588\u2588\u2588\u258f  | 18/25 [00:18<00:06,  1.12it/s]"},"type":"ws_msg"}
{"payload":{"local_timestamp":1673272444868,"stderr":true,"stdout":"\r      0/199      22.3G     0.1091      0.153          0         46       1216:  72%|\u2588\u2588\u2588\u2588\u2588\u2588\u2588\u258f  | 18/25 [00:18<00:06,  1.12it/s]"},"type":"ws_msg"}
{"payload":{"local_timestamp":1673272444868,"stderr":true,"stdout":"\r      0/199      22.3G     0.1091      0.153          0         46       1216:  76%|\u2588\u2588\u2588\u2588\u2588\u2588\u2588\u258c  | 19/25 [00:18<00:05,  1.13it/s]"},"type":"ws_msg"}
{"payload":{"local_timestamp":1673272445775,"stderr":true,"stdout":"\r      0/199      22.3G     0.1087     0.1512          0         88       1216:  76%|\u2588\u2588\u2588\u2588\u2588\u2588\u2588\u258c  | 19/25 [00:19<00:05,  1.13it/s]"},"type":"ws_msg"}
{"payload":{"local_timestamp":1673272445775,"stderr":true,"stdout":"\r      0/199      22.3G     0.1087     0.1512          0         88       1216:  80%|\u2588\u2588\u2588\u2588\u2588\u2588\u2588\u2588  | 20/25 [00:19<00:04,  1.12it/s]"},"type":"ws_msg"}
{"payload":{"local_timestamp":1673272446641,"stderr":true,"stdout":"\r      0/199      22.3G     0.1084     0.1512          0        136       1216:  80%|\u2588\u2588\u2588\u2588\u2588\u2588\u2588\u2588  | 20/25 [00:20<00:04,  1.12it/s]"},"type":"ws_msg"}
{"payload":{"local_timestamp":1673272446641,"stderr":true,"stdout":"\r      0/199      22.3G     0.1084     0.1512          0        136       1216:  84%|\u2588\u2588\u2588\u2588\u2588\u2588\u2588\u2588\u258d | 21/25 [00:20<00:03,  1.13it/s]"},"type":"ws_msg"}
{"payload":{"local_timestamp":1673272447543,"stderr":true,"stdout":"\r      0/199      22.3G     0.1082     0.1501          0        104       1216:  84%|\u2588\u2588\u2588\u2588\u2588\u2588\u2588\u2588\u258d | 21/25 [00:21<00:03,  1.13it/s]"},"type":"ws_msg"}
{"payload":{"local_timestamp":1673272447543,"stderr":true,"stdout":"\r      0/199      22.3G     0.1082     0.1501          0        104       1216:  88%|\u2588\u2588\u2588\u2588\u2588\u2588\u2588\u2588\u258a | 22/25 [00:21<00:02,  1.12it/s]"},"type":"ws_msg"}
{"payload":{"local_timestamp":1673272448408,"stderr":true,"stdout":"\r      0/199      22.3G      0.108     0.1503          0        161       1216:  88%|\u2588\u2588\u2588\u2588\u2588\u2588\u2588\u2588\u258a | 22/25 [00:22<00:02,  1.12it/s]"},"type":"ws_msg"}
{"payload":{"local_timestamp":1673272448408,"stderr":true,"stdout":"\r      0/199      22.3G      0.108     0.1503          0        161       1216:  92%|\u2588\u2588\u2588\u2588\u2588\u2588\u2588\u2588\u2588\u258f| 23/25 [00:22<00:01,  1.13it/s]"},"type":"ws_msg"}
{"payload":{"local_timestamp":1673272449276,"stderr":true,"stdout":"\r      0/199      22.3G     0.1079      0.152          0        194       1216:  92%|\u2588\u2588\u2588\u2588\u2588\u2588\u2588\u2588\u2588\u258f| 23/25 [00:23<00:01,  1.13it/s]"},"type":"ws_msg"}
{"payload":{"local_timestamp":1673272449276,"stderr":true,"stdout":"\r      0/199      22.3G     0.1079      0.152          0        194       1216:  96%|\u2588\u2588\u2588\u2588\u2588\u2588\u2588\u2588\u2588\u258c| 24/25 [00:23<00:00,  1.14it/s]"},"type":"ws_msg"}
{"payload":{"local_timestamp":1673272449839,"stderr":true,"stdout":"\r      0/199      22.3G     0.1077     0.1487          0         16       1216:  96%|\u2588\u2588\u2588\u2588\u2588\u2588\u2588\u2588\u2588\u258c| 24/25 [00:23<00:00,  1.14it/s]"},"type":"ws_msg"}
{"payload":{"local_timestamp":1673272449839,"stderr":true,"stdout":"\r      0/199      22.3G     0.1077     0.1487          0         16       1216: 100%|\u2588\u2588\u2588\u2588\u2588\u2588\u2588\u2588\u2588\u2588| 25/25 [00:23<00:00,  1.28it/s]"},"type":"ws_msg"}
{"payload":{"local_timestamp":1673272449840,"stderr":true,"stdout":"\r      0/199      22.3G     0.1077     0.1487          0         16       1216: 100%|\u2588\u2588\u2588\u2588\u2588\u2588\u2588\u2588\u2588\u2588| 25/25 [00:23<00:00,  1.05it/s]\n"},"type":"ws_msg"}
{"payload":{"local_timestamp":1673272449849,"stderr":true,"stdout":"\r                 Class     Images  Instances          P          R      mAP50   mAP50-95:   0%|          | 0/4 [00:00<?, ?it/s]"},"type":"ws_msg"}
{"payload":{"local_timestamp":1673272451278,"stderr":true,"stdout":"\r                 Class     Images  Instances          P          R      mAP50   mAP50-95:   0%|          | 0/4 [00:01<?, ?it/s]\n"},"type":"ws_msg"}
{"payload":{"local_timestamp":1673272451278,"stderr":true,"stdout":"Traceback (most recent call last):\n"},"type":"ws_msg"}
{"payload":{"local_timestamp":1673272451278,"stderr":true,"stdout":"  File \"train.py\", line 667, in <module>\n"},"type":"ws_msg"}
{"payload":{"local_timestamp":1673272451280,"stderr":true,"stdout":"    main(opt)\n  File \"train.py\", line 561, in main\n"},"type":"ws_msg"}
{"payload":{"local_timestamp":1673272451282,"stderr":true,"stdout":"    train(opt.hyp, opt, device, callbacks)\n  File \"train.py\", line 384, in train\n"},"type":"ws_msg"}
{"payload":{"local_timestamp":1673272451283,"stderr":true,"stdout":"    results, maps, _ = validate.run(data_dict,\n  File \"/home/haddock/anaconda3/envs/yolov5/lib/python3.8/site-packages/torch/autograd/grad_mode.py\", line 27, in decorate_context\n"},"type":"ws_msg"}
{"payload":{"local_timestamp":1673272451283,"stderr":true,"stdout":"    return func(*args, **kwargs)\n  File \"/mnt/c/Users/haddo/yolov5/val.py\", line 260, in run\n"},"type":"ws_msg"}
{"payload":{"local_timestamp":1673272451285,"stderr":true,"stdout":"    save_one_txt(predn, save_conf, shape, file=save_dir / 'labels' / f'{path.stem}.txt')\n  File \"/mnt/c/Users/haddo/yolov5/val.py\", line 55, in save_one_txt\n"},"type":"ws_msg"}
{"payload":{"local_timestamp":1673272451286,"stderr":true,"stdout":"    with open(file, 'a') as f:\nFileNotFoundError: "},"type":"ws_msg"}
{"payload":{"local_timestamp":1673272451286,"stderr":true,"stdout":"[Errno 2] No such file or directory: '/mnt/c/Users/haddo/yolov5/projects/halimeda/yolo_XL/k-fold_training/4/labels/000212.txt'\n"},"type":"ws_msg"}
{"payload":{"local_timestamp":1673272451287,"stderr":true,"stdout":"COMET INFO: ----------------------------------\n"},"type":"ws_msg"}
{"payload":{"local_timestamp":1673272451287,"stderr":true,"stdout":"COMET INFO: Comet.ml OfflineExperiment Summary\n"},"type":"ws_msg"}
{"payload":{"local_timestamp":1673272451287,"stderr":true,"stdout":"COMET INFO: ----------------------------------\n"},"type":"ws_msg"}
{"payload":{"local_timestamp":1673272451287,"stderr":true,"stdout":"COMET INFO:   Data:\n"},"type":"ws_msg"}
{"payload":{"local_timestamp":1673272451287,"stderr":true,"stdout":"COMET INFO:     display_summary_level : 1\n"},"type":"ws_msg"}
{"payload":{"local_timestamp":1673272451287,"stderr":true,"stdout":"COMET INFO:     url                   : [OfflineExperiment will get URL after upload]\n"},"type":"ws_msg"}
{"payload":{"local_timestamp":1673272451288,"stderr":true,"stdout":"COMET INFO:   Others:\n"},"type":"ws_msg"}
{"payload":{"local_timestamp":1673272451288,"stderr":true,"stdout":"COMET INFO:     Created from                : YOLOv5\n"},"type":"ws_msg"}
{"payload":{"local_timestamp":1673272451288,"stderr":true,"stdout":"COMET INFO:     comet_log_batch_metrics     : False\n"},"type":"ws_msg"}
{"payload":{"local_timestamp":1673272451288,"stderr":true,"stdout":"COMET INFO:     comet_log_confusion_matrix  : True\n"},"type":"ws_msg"}
{"payload":{"local_timestamp":1673272451288,"stderr":true,"stdout":"COMET INFO:     comet_log_per_class_metrics : False\n"},"type":"ws_msg"}
{"payload":{"local_timestamp":1673272451288,"stderr":true,"stdout":"COMET INFO:     comet_max_image_uploads     : 100\n"},"type":"ws_msg"}
{"payload":{"local_timestamp":1673272451289,"stderr":true,"stdout":"COMET INFO:     comet_mode                  : online\n"},"type":"ws_msg"}
{"payload":{"local_timestamp":1673272451289,"stderr":true,"stdout":"COMET INFO:     comet_model_name            : yolov5\n"},"type":"ws_msg"}
{"payload":{"local_timestamp":1673272451289,"stderr":true,"stdout":"COMET INFO:     offline_experiment          : True\n"},"type":"ws_msg"}
{"payload":{"local_timestamp":1673272451289,"stderr":true,"stdout":"COMET INFO:   Parameters:\n"},"type":"ws_msg"}
{"payload":{"local_timestamp":1673272451289,"stderr":true,"stdout":"COMET INFO:     anchor_t           : 4.0\n"},"type":"ws_msg"}
{"payload":{"local_timestamp":1673272451289,"stderr":true,"stdout":"COMET INFO:     artifact_alias     : latest\n"},"type":"ws_msg"}
{"payload":{"local_timestamp":1673272451290,"stderr":true,"stdout":"COMET INFO:     batch_size         : 8\n"},"type":"ws_msg"}
{"payload":{"local_timestamp":1673272451290,"stderr":true,"stdout":"COMET INFO:     bbox_interval      : -1\n"},"type":"ws_msg"}
{"payload":{"local_timestamp":1673272451290,"stderr":true,"stdout":"COMET INFO:     box                : 0.05\n"},"type":"ws_msg"}
{"payload":{"local_timestamp":1673272451290,"stderr":true,"stdout":"COMET INFO:     bucket             : \n"},"type":"ws_msg"}
{"payload":{"local_timestamp":1673272451290,"stderr":true,"stdout":"COMET INFO:     cache              : 1\n"},"type":"ws_msg"}
{"payload":{"local_timestamp":1673272451290,"stderr":true,"stdout":"COMET INFO:     cfg                : \n"},"type":"ws_msg"}
{"payload":{"local_timestamp":1673272451290,"stderr":true,"stdout":"COMET INFO:     cls                : 0.006250000000000001\n"},"type":"ws_msg"}
{"payload":{"local_timestamp":1673272451291,"stderr":true,"stdout":"COMET INFO:     cls_pw             : 1.0\n"},"type":"ws_msg"}
{"payload":{"local_timestamp":1673272451291,"stderr":true,"stdout":"COMET INFO:     copy_paste         : 0.0\n"},"type":"ws_msg"}
{"payload":{"local_timestamp":1673272451291,"stderr":true,"stdout":"COMET INFO:     cos_lr             : False\n"},"type":"ws_msg"}
{"payload":{"local_timestamp":1673272451291,"stderr":true,"stdout":"COMET INFO:     degrees            : 0.0\n"},"type":"ws_msg"}
{"payload":{"local_timestamp":1673272451292,"stderr":true,"stdout":"COMET INFO:     device             : \n"},"type":"ws_msg"}
{"payload":{"local_timestamp":1673272451292,"stderr":true,"stdout":"COMET INFO:     entity             : 1\n"},"type":"ws_msg"}
{"payload":{"local_timestamp":1673272451292,"stderr":true,"stdout":"COMET INFO:     evolve             : 1\n"},"type":"ws_msg"}
{"payload":{"local_timestamp":1673272451292,"stderr":true,"stdout":"COMET INFO:     exist_ok           : False\n"},"type":"ws_msg"}
{"payload":{"local_timestamp":1673272451293,"stderr":true,"stdout":"COMET INFO:     fl_gamma           : 0.0\n"},"type":"ws_msg"}
{"payload":{"local_timestamp":1673272451293,"stderr":true,"stdout":"COMET INFO:     fliplr             : 0.5\n"},"type":"ws_msg"}
{"payload":{"local_timestamp":1673272451293,"stderr":true,"stdout":"COMET INFO:     flipud             : 0.0\nCOMET INFO:     freeze             : [0]\n"},"type":"ws_msg"}
{"payload":{"local_timestamp":1673272451293,"stderr":true,"stdout":"COMET INFO:     hsv_h              : 0.015\nCOMET INFO:     hsv_s              : 0.7\n"},"type":"ws_msg"}
{"payload":{"local_timestamp":1673272451293,"stderr":true,"stdout":"COMET INFO:     hsv_v              : 0.4\nCOMET INFO:     image_weights      : False\n"},"type":"ws_msg"}
{"payload":{"local_timestamp":1673272451293,"stderr":true,"stdout":"COMET INFO:     imgsz              : 1200\n"},"type":"ws_msg"}
{"payload":{"local_timestamp":1673272451293,"stderr":true,"stdout":"COMET INFO:     iou_t              : 0.5\nCOMET INFO:     label_smoothing    : 0.0\n"},"type":"ws_msg"}
{"payload":{"local_timestamp":1673272451294,"stderr":true,"stdout":"COMET INFO:     local_rank         : -1\nCOMET INFO:     lr0                : 0.01\n"},"type":"ws_msg"}
{"payload":{"local_timestamp":1673272451294,"stderr":true,"stdout":"COMET INFO:     lrf                : 0.01\nCOMET INFO:     mixup              : 0.0\n"},"type":"ws_msg"}
{"payload":{"local_timestamp":1673272451294,"stderr":true,"stdout":"COMET INFO:     momentum           : 0.937\n"},"type":"ws_msg"}
{"payload":{"local_timestamp":1673272451294,"stderr":true,"stdout":"COMET INFO:     mosaic             : 0.2\nCOMET INFO:     multi_scale        : False\n"},"type":"ws_msg"}
{"payload":{"local_timestamp":1673272451294,"stderr":true,"stdout":"COMET INFO:     noautoanchor       : False\n"},"type":"ws_msg"}
{"payload":{"local_timestamp":1673272451294,"stderr":true,"stdout":"COMET INFO:     noplots            : False\n"},"type":"ws_msg"}
{"payload":{"local_timestamp":1673272451295,"stderr":true,"stdout":"COMET INFO:     nosave             : False\n"},"type":"ws_msg"}
{"payload":{"local_timestamp":1673272451295,"stderr":true,"stdout":"COMET INFO:     noval              : False\n"},"type":"ws_msg"}
{"payload":{"local_timestamp":1673272451295,"stderr":true,"stdout":"COMET INFO:     obj                : 3.61\n"},"type":"ws_msg"}
{"payload":{"local_timestamp":1673272451295,"stderr":true,"stdout":"COMET INFO:     obj_pw             : 1.0\n"},"type":"ws_msg"}
{"payload":{"local_timestamp":1673272451295,"stderr":true,"stdout":"COMET INFO:     optimizer          : SGD\n"},"type":"ws_msg"}
{"payload":{"local_timestamp":1673272451296,"log_other":{"key":"sys.already_imported_modules","val":"[\"torch\", \"tensorboard\"]"}},"type":"ws_msg"}
{"payload":{"local_timestamp":1673272451296,"stderr":true,"stdout":"COMET INFO:     patience           : 100\n"},"type":"ws_msg"}
{"payload":{"local_timestamp":1673272451296,"stderr":true,"stdout":"COMET INFO:     perspective        : 0.0\n"},"type":"ws_msg"}
{"payload":{"local_timestamp":1673272451296,"stderr":true,"stdout":"COMET INFO:     quad               : False\n"},"type":"ws_msg"}
{"payload":{"local_timestamp":1673272451296,"stderr":true,"stdout":"COMET INFO:     rect               : False\n"},"type":"ws_msg"}
{"payload":{"local_timestamp":1673272451296,"stderr":true,"stdout":"COMET INFO:     resume             : False\n"},"type":"ws_msg"}
{"payload":{"local_timestamp":1673272451296,"stderr":true,"stdout":"COMET INFO:     save_dir           : /mnt/c/Users/haddo/yolov5/projects/halimeda/yolo_XL/k-fold_training/4\n"},"type":"ws_msg"}
{"payload":{"local_timestamp":1673272451296,"stderr":true,"stdout":"COMET INFO:     save_period        : -1\n"},"type":"ws_msg"}
{"payload":{"local_timestamp":1673272451297,"stderr":true,"stdout":"COMET INFO:     scale              : 0.5\n"},"type":"ws_msg"}
{"payload":{"local_timestamp":1673272451297,"stderr":true,"stdout":"COMET INFO:     seed               : 42\n"},"type":"ws_msg"}
{"payload":{"local_timestamp":1673272451297,"stderr":true,"stdout":"COMET INFO:     shear              : 0.0\n"},"type":"ws_msg"}
{"payload":{"local_timestamp":1673272451297,"stderr":true,"stdout":"COMET INFO:     single_cls         : True\n"},"type":"ws_msg"}
{"payload":{"local_timestamp":1673272451297,"stderr":true,"stdout":"COMET INFO:     sync_bn            : False\n"},"type":"ws_msg"}
{"payload":{"local_timestamp":1673272451297,"stderr":true,"stdout":"COMET INFO:     translate          : 0.1\n"},"type":"ws_msg"}
{"payload":{"local_timestamp":1673272451297,"stderr":true,"stdout":"COMET INFO:     upload_dataset     : False\n"},"type":"ws_msg"}
{"payload":{"local_timestamp":1673272451297,"stderr":true,"stdout":"COMET INFO:     val_conf_threshold : 0.001\n"},"type":"ws_msg"}
{"payload":{"local_timestamp":1673272451297,"stderr":true,"stdout":"COMET INFO:     val_iou_threshold  : 0.6\nCOMET INFO:     warmup_bias_lr     : 0.1\n"},"type":"ws_msg"}
{"payload":{"local_timestamp":1673272451297,"stderr":true,"stdout":"COMET INFO:     warmup_epochs      : 3.0\nCOMET INFO:     warmup_momentum    : 0.8\n"},"type":"ws_msg"}
{"payload":{"local_timestamp":1673272451297,"stderr":true,"stdout":"COMET INFO:     weight_decay       : 0.0005\nCOMET INFO:     workers            : 8\n"},"type":"ws_msg"}
{"payload":{"local_timestamp":1673272451297,"stderr":true,"stdout":"COMET INFO:   Uploads:\nCOMET INFO:     asset                        : 5 (331.35 KB)\n"},"type":"ws_msg"}
{"payload":{"local_timestamp":1673272451297,"stderr":true,"stdout":"COMET INFO:     conda-environment-definition : 1\nCOMET INFO:     conda-info                   : 1\n"},"type":"ws_msg"}
{"payload":{"local_timestamp":1673272451297,"stderr":true,"stdout":"COMET INFO:     conda-specification          : 1\nCOMET INFO:     environment details          : 1\n"},"type":"ws_msg"}
{"payload":{"local_timestamp":1673272451298,"stderr":true,"stdout":"COMET INFO:     installed packages           : 1\n"},"type":"ws_msg"}
{"payload":{"local_timestamp":1673272451298,"stderr":true,"stdout":"COMET INFO:     os packages                  : 1\nCOMET INFO: ----------------------------------\n"},"type":"ws_msg"}
{"payload":{"local_timestamp":1673272451298,"stderr":true,"stdout":"COMET WARNING: Experiment Name is generated at upload time for Offline Experiments unless set explicitly with Experiment.set_name\n"},"type":"ws_msg"}
{"payload":{"local_timestamp":1673272451298,"stderr":true,"stdout":"COMET WARNING: Comet has disabled auto-logging functionality as it has been imported after the following ML modules: torch, tensorboard. Metrics and hyperparameters can still be logged using Experiment.log_metrics() and Experiment.log_parameters()\n"},"type":"ws_msg"}
